,name,artist,dancibility,energy,key,loudness,speechiness,instrumentalness,liveness,valence,tempo,prediction,rating,userid,target
0,abcdefu,GAYLE,0.695,0.54,4,-5.692,0.0493,0,0.367,0.415,121.932,Row(prediction=0),5.021052507,0,1
1,Champagne Poetry,Drake,0.423,0.667,6,-7.012,0.326,0,0.246,0.496,86.743,Row(prediction=2),9.979441337,0,1
2,Chamber Of Reflection,Mac DeMarco,0.538,0.557,11,-8.678,0.0914,0.914,0.102,0.506,131.03,Row(prediction=2),1.128520011,0,1
3,In My Room,Frank Ocean,0.861,0.647,7,-7.425,0.0675,0.661,0.114,0.67,158.037,Row(prediction=4),1.128520011,0,1
4,Adore You,Harry Styles,0.676,0.771,8,-3.675,0.0483,7E-06,0.102,0.569,99.048,Row(prediction=2),3.622152942,0,1
5,Heat Waves,Glass Animals,0.761,0.525,11,-6.9,0.0944,6.7E-06,0.0921,0.531,80.87,Row(prediction=2),9.979441337,0,1
6,SLOW DANCING IN THE DARK,Joji,0.515,0.479,3,-7.458,0.0261,0.00598,0.191,0.284,88.964,Row(prediction=7),5.021052507,0,1
7,White Christmas,Bing Crosby,0.317,0.158,9,-16.485,0.0381,0.353,0.338,0.247,130.503,Row(prediction=6),3.817198528,0,1
8,Bubbly (with Drake & Travis Scott),Young Thug,0.91,0.585,11,-7.572,0.257,0,0.127,0.599,129.011,Row(prediction=2),8.899590206,0,1
9,Flashing Lights,Kanye West,0.639,0.628,6,-7.578,0.0399,0,0.386,0.43,90.482,Row(prediction=0),9.979441337,0,1
10,Come & Go (with Marshmello),Juice WRLD,0.625,0.814,0,-5.181,0.0657,0,0.158,0.535,144.991,Row(prediction=5),5.103246191,0,1
11,Enemy (with JID) - from the series Arcane League of Legends,Imagine Dragons,0.728,0.783,11,-4.424,0.266,0,0.434,0.555,77.011,Row(prediction=2),3.622152942,0,1
12,Just Give Me a Reason (feat. Nate Ruess),P!nk,0.778,0.547,2,-7.273,0.0489,0.000302,0.132,0.441,95.002,Row(prediction=7),5.021052507,0,1
13,Better Days (NEIKED x Mae Muller x Polo G),NEIKED,0.717,0.671,0,-5.077,0.0337,2.54E-06,0.0921,0.699,110.054,Row(prediction=5),5.103246191,0,1
14,By Your Side,Rod Wave,0.649,0.508,8,-10.232,0.0959,3.59E-05,0.0736,0.405,157.975,Row(prediction=4),8.899590206,0,1
15,AM Remix,Nio Garcia,0.743,0.655,6,-5.015,0.159,0,0.0764,0.785,172.031,Row(prediction=3),8.899590206,0,1
16,Good Days,SZA,0.436,0.655,1,-8.37,0.0583,8.1E-06,0.688,0.412,121.002,Row(prediction=1),3.307176898,0,1
17,Peaches (feat. Daniel Caesar & Giveon),Justin Bieber,0.677,0.696,0,-6.181,0.119,0,0.42,0.464,90.03,Row(prediction=1),3.307176898,0,1
18,A Holly Jolly Christmas - Single Version,Burl Ives,0.683,0.375,0,-13.056,0.0303,0,0.076,0.888,140.467,Row(prediction=5),3.817198528,0,1
19,Yeah! (feat. Lil Jon & Ludacris),Usher,0.894,0.791,2,-4.699,0.112,0,0.0388,0.583,105.018,Row(prediction=5),5.103246191,0,1
20,SLOW DANCING IN THE DARK,Joji,0.515,0.479,3,-7.458,0.0261,0.00598,0.191,0.284,88.964,Row(prediction=7),5.021052507,0,1
21,Do They Know It's Christmas? - 1984 Version,Band Aid,0.599,0.642,0,-6.936,0.0363,3.33E-05,0.0992,0.349,115.412,Row(prediction=1),5.021052507,0,1
22,happier,Olivia Rodrigo,0.395,0.443,6,-9.72,0.133,9.67E-06,0.0839,0.338,168.924,Row(prediction=4),8.899590206,0,1
23,Headshot (feat. Polo G & Fivio Foreign),Lil Tjay,0.808,0.639,1,-7.266,0.279,0,0.15,0.395,118,Row(prediction=1),5.021052507,0,1
24,Jungle,A Boogie Wit da Hoodie,0.538,0.52,7,-11.063,0.737,0,0.214,0.551,180.274,Row(prediction=6),8.899590206,0,1
25,WUSYANAME (feat. Youngboy Never Broke Again & Ty Dolla $ign),"Tyler, The Creator",0.493,0.653,0,-5.666,0.0466,0,0.511,0.852,142.347,Row(prediction=5),3.307176898,0,1
26,Ms. Jackson,Outkast,0.843,0.806,4,-5.946,0.269,0,0.0771,0.613,94.948,Row(prediction=3),5.103246191,0,1
27,I Hope,Gabby Barrett,0.466,0.536,6,-6.227,0.0429,0,0.114,0.377,75.998,Row(prediction=7),9.979441337,0,1
28,Meet Me At Our Spot,THE ANXIETY,0.773,0.47,2,-7.93,0.0299,0.000193,0.0851,0.399,94.995,Row(prediction=7),5.021052507,0,1
29,Circles,Post Malone,0.695,0.762,0,-3.497,0.0395,0.00244,0.0863,0.553,120.042,Row(prediction=5),5.103246191,0,1
30,Hex,80purppp,0.845,0.398,5,-15.781,0.268,0.00713,0.159,0.482,109.996,Row(prediction=6),3.817198528,0,1
31,Way 2 Sexy (with Future & Young Thug),Drake,0.803,0.597,11,-6.035,0.141,4.5E-06,0.323,0.331,136.008,Row(prediction=0),8.899590206,0,1
32,F.N,Lil Tjay,0.567,0.515,6,-10.265,0.247,0,0.078,0.321,120.1,Row(prediction=6),8.899590206,0,1
33,Life Goes On,Oliver Tree,0.7,0.49,0,-5.187,0.076,0,0.117,0.569,79.982,Row(prediction=5),5.103246191,0,1
34,everything i wanted,Billie Eilish,0.704,0.225,6,-14.454,0.0994,0.657,0.106,0.243,120.006,Row(prediction=6),3.817198528,0,1
35,Bad Habits,Ed Sheeran,0.807,0.893,11,-3.745,0.0347,2.79E-05,0.366,0.537,126.011,Row(prediction=2),3.622152942,0,1
36,Let It Snow! Let It Snow! Let It Snow!,Dean Martin,0.451,0.24,1,-14.014,0.0351,2.45E-06,0.175,0.701,134.009,Row(prediction=5),3.817198528,0,1
37,Cada Quien,Grupo Firme,0.719,0.797,3,-3.89,0.0515,0,0.078,0.729,110.045,Row(prediction=3),5.103246191,0,1
38,Empty,Juice WRLD,0.745,0.561,0,-4.869,0.0807,0,0.133,0.449,77.557,Row(prediction=5),5.103246191,0,1
39,Come & Go (with Marshmello),Juice WRLD,0.625,0.814,0,-5.181,0.0657,0,0.158,0.535,144.991,Row(prediction=5),5.103246191,0,1
40,MONTERO (Call Me By Your Name),Lil Nas X,0.593,0.503,8,-6.725,0.22,0,0.405,0.71,178.781,Row(prediction=0),8.899590206,0,1
41,GHOST TOWN,Benson Boone,0.391,0.335,0,-10.064,0.0763,0,0.102,0.116,174.185,Row(prediction=1),5.021052507,0,1
42,Super Gremlin,Kodak Black,0.825,0.414,2,-6.634,0.144,0,0.357,0.106,72.993,Row(prediction=7),5.021052507,0,1
43,"...And to Those I Love, Thanks for Sticking Around",$uicideboy$,0.792,0.511,2,-6.876,0.0409,9.04E-05,0.14,0.111,113.983,Row(prediction=7),5.021052507,0,1
44,2055,Sleepy Hallow,0.829,0.512,6,-5.865,0.187,0,0.12,0.638,80.511,Row(prediction=2),9.979441337,0,1
45,Can I Call You Tonight?,Dayglow,0.641,0.842,9,-7.27,0.0292,0.91,0.419,0.5,129.98,Row(prediction=0),1.128520011,0,1
46,Oh My God,Adele,0.534,0.725,1,-3.906,0.046,0,0.0264,0.55,88.098,Row(prediction=5),5.103246191,0,1
47,State Of Grace (Taylor's Version),Taylor Swift,0.594,0.713,9,-5.314,0.0503,0,0.114,0.328,129.958,Row(prediction=4),8.899590206,0,1
48,I AM WOMAN,Emmy Meli,0.646,0.471,10,-9.247,0.157,0,0.125,0.455,170.084,Row(prediction=4),8.899590206,0,1
49,Everybody Wants To Rule The World,Tears For Fears,0.645,0.795,7,-12.095,0.0527,0.00389,0.104,0.535,112.067,Row(prediction=2),9.979441337,0,1
50,Jingle Bell Rock,Bobby Helms,0.754,0.424,2,-8.463,0.0363,0,0.0652,0.806,119.705,Row(prediction=5),3.702913106,1,0
51,Flex (feat. Juice WRLD),Polo G,0.752,0.673,10,-5.792,0.153,0,0.133,0.35,164.009,Row(prediction=4),5.771164862,1,0
52,death bed (coffee for your head),Powfu,0.726,0.431,8,-8.765,0.135,0,0.696,0.348,144.026,Row(prediction=0),3.622152942,1,0
53,m y . l i f e (with 21 Savage & Morray),J. Cole,0.597,0.587,7,-7.026,0.137,0,0.214,0.0753,140.021,Row(prediction=6),5.771164862,1,0
54,Have Yourself A Merry Little Christmas - Remastered 1999,Frank Sinatra,0.262,0.137,8,-15.235,0.0344,6.74E-06,0.267,0.288,92.183,Row(prediction=6),3.817198528,1,0
55,Save Your Tears (with Ariana Grande) (Remix),The Weeknd,0.65,0.825,0,-4.645,0.0325,2.44E-05,0.0936,0.593,118.091,Row(prediction=5),5.431576449,1,0
56,July,Noah Cyrus,0.708,0.186,9,-8.953,0.042,0,0.0779,0.322,72.541,Row(prediction=6),3.817198528,1,0
57,Ramen & OJ,Joyner Lucas,0.597,0.571,1,-6.205,0.293,0,0.093,0.165,106.196,Row(prediction=1),9.979441337,1,0
58,By Your Side,Rod Wave,0.649,0.508,8,-10.232,0.0959,3.59E-05,0.0736,0.405,157.975,Row(prediction=4),3.817198528,1,0
59,God's Plan,Drake,0.754,0.449,7,-9.211,0.109,8.29E-05,0.552,0.357,77.169,Row(prediction=0),3.622152942,1,0
60,Flocky Flocky (feat. Travis Scott),Don Toliver,0.8,0.541,10,-5.05,0.0375,0,0.146,0.194,135.99,Row(prediction=6),5.771164862,1,0
61,Beautiful Mistakes (feat. Megan Thee Stallion),Maroon 5,0.713,0.676,10,-5.483,0.027,0,0.154,0.721,99.048,Row(prediction=2),5.771164862,1,0
62,It Was A Good Day,Ice Cube,0.798,0.744,7,-5.328,0.136,0.000106,0.292,0.794,82.356,Row(prediction=2),5.431576449,1,0
63,If I Didn't Love You,Jason Aldean,0.456,0.679,1,-4.802,0.0324,0,0.103,0.483,184.075,Row(prediction=5),5.103246191,1,0
64,Rolling in the Deep,Adele,0.73,0.769,8,-5.114,0.0298,0,0.0473,0.507,104.948,Row(prediction=2),5.771164862,1,0
65,I Bet You Think About Me (feat. Chris Stapleton) (Taylor’s Version) (From The Vault),Taylor Swift,0.391,0.715,0,-4.516,0.0495,0,0.183,0.473,149.654,Row(prediction=5),5.103246191,1,0
66,Gang Shit No Lame Shit,Key Glock,0.828,0.434,5,-10.609,0.301,0,0.0806,0.38,115.071,Row(prediction=6),3.817198528,1,0
67,Smokin Out The Window,Bruno Mars,0.627,0.618,2,-8.529,0.0437,0,0.351,0.848,82.03,Row(prediction=5),3.702913106,1,0
68,Hurricane,Kanye West,0.587,0.561,0,-6.569,0.146,0,0.109,0.351,80.009,Row(prediction=1),9.979441337,1,0
69,JAPAN,Famous Dex,0.733,0.678,6,-7.771,0.438,0,0.344,0.841,175.985,Row(prediction=3),0.9657195033,1,0
70,I Wonder,Kanye West,0.542,0.466,0,-8.665,0.0831,0.000445,0.125,0.124,191.385,Row(prediction=1),5.103246191,1,0
71,i hope ur miserable until ur dead,Nessa Barrett,0.706,0.544,2,-7.275,0.0306,0,0.087,0.477,115.935,Row(prediction=5),5.103246191,1,0
72,Smokin Out The Window,Bruno Mars,0.627,0.618,2,-8.529,0.0437,0,0.351,0.848,82.03,Row(prediction=5),3.702913106,1,0
73,Easy On Me,Adele,0.604,0.366,5,-7.519,0.0282,0,0.133,0.13,141.981,Row(prediction=6),5.103246191,1,0
74,Flex (feat. Juice WRLD),Polo G,0.752,0.673,10,-5.792,0.153,0,0.133,0.35,164.009,Row(prediction=4),5.771164862,1,0
75,Exchange,Bryson Tiller,0.525,0.433,6,-10.598,0.185,0,0.135,0.276,160.108,Row(prediction=6),3.817198528,1,0
76,Going Bad (feat. Drake),Meek Mill,0.889,0.496,4,-6.365,0.0905,0,0.252,0.544,86.003,Row(prediction=7),3.702913106,1,0
77,"...And to Those I Love, Thanks for Sticking Around",$uicideboy$,0.792,0.511,2,-6.876,0.0409,9.04E-05,0.14,0.111,113.983,Row(prediction=7),5.103246191,1,0
78,Have Mercy,Chlöe,0.903,0.535,9,-6.434,0.0742,0,0.345,0.508,130.022,Row(prediction=0),5.771164862,1,0
79,Fair Trade (with Travis Scott),Drake,0.666,0.465,1,-8.545,0.26,0,0.215,0.292,167.937,Row(prediction=1),9.979441337,1,0
80,Get Into It (Yuh),Doja Cat,0.912,0.655,8,-6.029,0.162,3.39E-05,0.0894,0.793,91.942,Row(prediction=2),5.771164862,1,0
81,Better Days (NEIKED x Mae Muller x Polo G),NEIKED,0.717,0.671,0,-5.077,0.0337,2.54E-06,0.0921,0.699,110.054,Row(prediction=5),5.431576449,1,0
82,Lo Siento BB:/ (with Bad Bunny & Julieta Venegas),Tainy,0.639,0.703,4,-6.33,0.0794,1.78E-06,0.0865,0.138,169.888,Row(prediction=4),5.103246191,1,0
83,I Knew You Were Trouble (Taylor's Version),Taylor Swift,0.584,0.557,6,-6.371,0.0342,0,0.0576,0.767,154.008,Row(prediction=3),5.771164862,1,0
84,Martin & Gina,Polo G,0.832,0.534,1,-7.813,0.253,0,0.165,0.116,93.924,Row(prediction=1),9.979441337,1,0
85,Yeah! (feat. Lil Jon & Ludacris),Usher,0.894,0.791,2,-4.699,0.112,0,0.0388,0.583,105.018,Row(prediction=5),5.431576449,1,0
86,I Bet You Think About Me (feat. Chris Stapleton) (Taylor’s Version) (From The Vault),Taylor Swift,0.391,0.715,0,-4.516,0.0495,0,0.183,0.473,149.654,Row(prediction=5),5.103246191,1,0
87,Do It To It,ACRAZE,0.854,0.806,11,-8.262,0.0886,0.0542,0.0703,0.637,124.927,Row(prediction=2),5.771164862,1,0
88,Bad Habits,Ed Sheeran,0.807,0.893,11,-3.745,0.0347,2.79E-05,0.366,0.537,126.011,Row(prediction=2),5.771164862,1,0
89,Jingle Bell Rock,Bobby Helms,0.754,0.424,2,-8.463,0.0363,0,0.0652,0.806,119.705,Row(prediction=5),3.702913106,1,0
90,Oh My God,Adele,0.534,0.725,1,-3.906,0.046,0,0.0264,0.55,88.098,Row(prediction=5),5.431576449,1,0
91,SLOW DANCING IN THE DARK,Joji,0.515,0.479,3,-7.458,0.0261,0.00598,0.191,0.284,88.964,Row(prediction=7),5.103246191,1,0
92,Congratulations,Post Malone,0.63,0.804,6,-4.183,0.0363,0,0.253,0.492,123.146,Row(prediction=0),5.771164862,1,0
93,Element,Pop Smoke,0.772,0.878,2,-4.22,0.324,2.18E-06,0.251,0.305,61.311,Row(prediction=1),9.979441337,1,0
94,Heartbreak Anniversary,Giveon,0.449,0.465,0,-8.964,0.0791,1.02E-06,0.303,0.543,89.087,Row(prediction=5),3.702913106,1,0
95,Cloud 9,Beach Bunny,0.637,0.929,4,-3.593,0.0491,2.62E-05,0.344,0.902,80.974,Row(prediction=3),5.431576449,1,0
96,Falling Down - Bonus Track,Lil Peep,0.669,0.574,4,-6.442,0.0286,0.00294,0.146,0.273,120.013,Row(prediction=7),5.103246191,1,0
97,Cold As You,Luke Combs,0.598,0.846,6,-4.956,0.0355,0,0.113,0.328,144.04,Row(prediction=4),5.771164862,1,0
98,GO (feat. Juice WRLD),The Kid LAROI,0.487,0.74,6,-4.973,0.0944,0,0.612,0.522,73.779,Row(prediction=0),3.622152942,1,0
99,Knife Talk (with 21 Savage ft. Project Pat),Drake,0.849,0.424,5,-9.579,0.324,0,0.0834,0.153,145.887,Row(prediction=6),9.979441337,1,0
100,F.N,Lil Tjay,0.567,0.515,6,-10.265,0.247,0,0.078,0.321,120.1,Row(prediction=6),4.225637607,2,0
101,Christmas (Baby Please Come Home),Darlene Love,0.325,0.759,8,-7.146,0.053,0.000362,0.0773,0.36,126.627,Row(prediction=4),3.973206133,2,0
102,Gives You Hell,The All-American Rejects,0.718,0.691,4,-6.44,0.0387,0,0.0627,0.552,100.008,Row(prediction=5),9.375197371,2,0
103,Dark Red,Steve Lacy,0.603,0.783,6,-4.023,0.062,7.96E-06,0.119,0.775,172.041,Row(prediction=3),9.993783429,2,0
104,All of Me,John Legend,0.422,0.264,8,-7.064,0.0322,0,0.132,0.331,119.93,Row(prediction=6),4.225637607,2,0
105,Butter,BTS,0.759,0.459,8,-5.187,0.0948,0,0.0906,0.695,109.997,Row(prediction=2),3.973206133,2,0
106,Happy Holiday / The Holiday Season,Andy Williams,0.505,0.451,9,-10.193,0.0329,0,0.233,0.744,74.347,Row(prediction=2),1.740184263,2,0
107,It's Beginning to Look a Lot Like Christmas (with Mitchell Ayres & His Orchestra),Perry Como,0.724,0.276,7,-12.25,0.0599,0,0.116,0.718,112.874,Row(prediction=6),1.740184263,2,0
108,SLOW DANCING IN THE DARK,Joji,0.515,0.479,3,-7.458,0.0261,0.00598,0.191,0.284,88.964,Row(prediction=7),6.187451325,2,0
109,Woman,Doja Cat,0.824,0.764,5,-4.175,0.0854,0.00294,0.117,0.881,107.998,Row(prediction=3),9.375197371,2,0
110,INDUSTRY BABY (feat. Jack Harlow),Lil Nas X,0.741,0.691,10,-7.395,0.0672,0,0.0476,0.892,150.087,Row(prediction=2),9.993783429,2,0
111,Cold Heart - PNAU Remix,Elton John,0.796,0.798,1,-6.312,0.0317,4.19E-05,0.0952,0.942,116.032,Row(prediction=3),9.375197371,2,0
112,Ambition For Cash,Key Glock,0.841,0.732,7,-5.186,0.19,2.18E-05,0.136,0.576,149.012,Row(prediction=4),9.993783429,2,0
113,Alien Blues,Vundabar,0.464,0.682,10,-8.541,0.033,0.832,0.0856,0.455,80.062,Row(prediction=2),3.973206133,2,0
114,Buy Dirt,Jordan Davis,0.586,0.559,4,-6.725,0.05,0,0.0872,0.437,177.945,Row(prediction=4),4.225637607,2,0
115,Godzilla (feat. Juice WRLD),Eminem,0.808,0.745,10,-5.26,0.342,0,0.292,0.829,165.995,Row(prediction=2),9.993783429,2,0
116,After Last Night (with Thundercat & Bootsy Collins),Bruno Mars,0.651,0.703,0,-8.958,0.0816,0,0.0608,0.647,140.051,Row(prediction=5),9.375197371,2,0
117,Electric Feel,MGMT,0.763,0.803,1,-3.713,0.0351,0.285,0.348,0.561,103.04,Row(prediction=5),2.060923122,2,0
118,Come & Go (with Marshmello),Juice WRLD,0.625,0.814,0,-5.181,0.0657,0,0.158,0.535,144.991,Row(prediction=5),9.375197371,2,0
119,I Think I'm OKAY (with YUNGBLUD & Travis Barker),Machine Gun Kelly,0.628,0.744,7,-4.718,0.0379,0,0.313,0.277,119.921,Row(prediction=0),3.973206133,2,0
120,ESCAPE PLAN,Travis Scott,0.839,0.506,5,-6.714,0.133,0,0.13,0.44,154.12,Row(prediction=4),4.225637607,2,0
121,"Who Want Smoke?? (feat. G Herbo, Lil Durk & 21 Savage)",Nardo Wick,0.739,0.74,5,-5.86,0.333,0,0.161,0.488,75.575,Row(prediction=2),6.187451325,2,0
122,Lucid Dreams,Juice WRLD,0.511,0.566,6,-7.23,0.2,0,0.34,0.218,83.903,Row(prediction=0),6.187451325,2,0
123,Cold Heart - PNAU Remix,Elton John,0.796,0.798,1,-6.312,0.0317,4.19E-05,0.0952,0.942,116.032,Row(prediction=3),9.375197371,2,0
124,Don't,Bryson Tiller,0.765,0.356,11,-5.556,0.195,0,0.0963,0.189,96.991,Row(prediction=6),3.973206133,2,0
125,Do I Wanna Know?,Arctic Monkeys,0.548,0.532,5,-7.596,0.0323,0.000263,0.217,0.405,85.03,Row(prediction=7),6.187451325,2,0
126,Strangers By Nature,Adele,0.387,0.253,5,-8.901,0.0336,0.000159,0.0848,0.134,68.004,Row(prediction=7),6.187451325,2,0
127,edamame (feat. Rich Brian),bbno$,0.815,0.848,4,-4.704,0.115,0.000162,0.0265,0.684,106.032,Row(prediction=3),9.375197371,2,0
128,Heartless,Kanye West,0.79,0.647,10,-5.983,0.136,0,0.248,0.654,87.999,Row(prediction=2),3.973206133,2,0
129,Devil Town,Cavetown,0.576,0.759,3,-8.165,0.0599,0,0.121,0.501,99.969,Row(prediction=5),9.375197371,2,0
130,Forever After All,Luke Combs,0.487,0.65,0,-5.195,0.0253,0,0.0933,0.456,151.964,Row(prediction=5),9.375197371,2,0
131,good 4 u,Olivia Rodrigo,0.563,0.664,9,-5.044,0.154,0,0.0849,0.688,166.928,Row(prediction=4),9.993783429,2,0
132,HOLIDAY,Lil Nas X,0.81,0.511,5,-6.924,0.164,0,0.0832,0.837,151.947,Row(prediction=3),9.993783429,2,0
133,Beggin',Måneskin,0.714,0.8,11,-4.808,0.0504,0,0.359,0.589,134.002,Row(prediction=2),9.993783429,2,0
134,Can I Get It,Adele,0.703,0.68,9,-6.118,0.0431,0,0.178,0.536,97.985,Row(prediction=2),3.973206133,2,0
135,Element,Pop Smoke,0.772,0.878,2,-4.22,0.324,2.18E-06,0.251,0.305,61.311,Row(prediction=1),6.187451325,2,0
136,Smokin Out The Window,Bruno Mars,0.627,0.618,2,-8.529,0.0437,0,0.351,0.848,82.03,Row(prediction=5),9.375197371,2,0
137,Ramen & OJ,Joyner Lucas,0.597,0.571,1,-6.205,0.293,0,0.093,0.165,106.196,Row(prediction=1),6.187451325,2,0
138,Do They Know It's Christmas? - 1984 Version,Band Aid,0.599,0.642,0,-6.936,0.0363,3.33E-05,0.0992,0.349,115.412,Row(prediction=1),6.187451325,2,0
139,Always Forever,Cults,0.174,0.742,8,-5.93,0.0485,0.281,0.198,0.36,163.378,Row(prediction=4),0.2184555419,2,0
140,Cloud 9,Beach Bunny,0.637,0.929,4,-3.593,0.0491,2.62E-05,0.344,0.902,80.974,Row(prediction=3),2.060923122,2,0
141,Better Man (Taylor's Version) (From The Vault),Taylor Swift,0.473,0.579,4,-5.824,0.0384,0,0.0877,0.255,73.942,Row(prediction=7),6.187451325,2,0
142,Don’t Play (with Lil Baby),Polo G,0.684,0.624,2,-7.414,0.347,0,0.112,0.708,146.925,Row(prediction=5),4.225637607,2,0
143,Better Days (NEIKED x Mae Muller x Polo G),NEIKED,0.717,0.671,0,-5.077,0.0337,2.54E-06,0.0921,0.699,110.054,Row(prediction=5),9.375197371,2,0
144,Just Give Me a Reason (feat. Nate Ruess),P!nk,0.778,0.547,2,-7.273,0.0489,0.000302,0.132,0.441,95.002,Row(prediction=7),6.187451325,2,0
145,Praise God,Kanye West,0.798,0.545,1,-6.466,0.168,9.48E-05,0.258,0.212,118.029,Row(prediction=1),6.187451325,2,0
146,Easy On Me,Adele,0.604,0.366,5,-7.519,0.0282,0,0.133,0.13,141.981,Row(prediction=6),4.225637607,2,0
147,Yes Indeed,Lil Baby,0.963,0.346,5,-9.309,0.53,0,0.108,0.562,119.957,Row(prediction=6),4.225637607,2,0
148,Forever After All,Luke Combs,0.487,0.65,0,-5.195,0.0253,0,0.0933,0.456,151.964,Row(prediction=5),9.375197371,2,0
149,After Party,Don Toliver,0.629,0.692,5,-8.045,0.0376,0.331,0.603,0.453,162.948,Row(prediction=0),0.2184555419,2,0
150,GO (feat. Juice WRLD),The Kid LAROI,0.487,0.74,6,-4.973,0.0944,0,0.612,0.522,73.779,Row(prediction=0),8.134003581,3,0
151,Good Days,SZA,0.436,0.655,1,-8.37,0.0583,8.1E-06,0.688,0.412,121.002,Row(prediction=1),5.911137402,3,0
152,Fair Trade (with Travis Scott),Drake,0.666,0.465,1,-8.545,0.26,0,0.215,0.292,167.937,Row(prediction=1),5.911137402,3,0
153,Forever After All,Luke Combs,0.487,0.65,0,-5.195,0.0253,0,0.0933,0.456,151.964,Row(prediction=5),8.621806591,3,0
154,A Holly Jolly Christmas - Single Version,Burl Ives,0.683,0.375,0,-13.056,0.0303,0,0.076,0.888,140.467,Row(prediction=5),3.423703732,3,0
155,Bound 2,Kanye West,0.367,0.665,1,-2.821,0.0465,0,0.113,0.31,148.913,Row(prediction=1),8.621806591,3,0
156,For Tonight,Giveon,0.442,0.517,9,-7.807,0.0548,0,0.114,0.2,79.867,Row(prediction=6),8.621806591,3,0
157,Knife Talk (with 21 Savage ft. Project Pat),Drake,0.849,0.424,5,-9.579,0.324,0,0.0834,0.153,145.887,Row(prediction=6),3.021330993,3,0
158,STAY (with Justin Bieber),The Kid LAROI,0.591,0.764,1,-5.484,0.0483,0,0.103,0.478,169.928,Row(prediction=5),8.621806591,3,0
159,Rockin' Around The Christmas Tree,Brenda Lee,0.589,0.472,8,-8.749,0.0502,0,0.505,0.898,67.196,Row(prediction=2),8.134003581,3,0
160,Golden,Harry Styles,0.448,0.838,4,-5.257,0.0557,0.000131,0.131,0.254,139.863,Row(prediction=4),8.621806591,3,0
161,"Who Want Smoke?? (feat. G Herbo, Lil Durk & 21 Savage)",Nardo Wick,0.739,0.74,5,-5.86,0.333,0,0.161,0.488,75.575,Row(prediction=2),3.021330993,3,0
162,Enemy (with JID) - from the series Arcane League of Legends,Imagine Dragons,0.728,0.783,11,-4.424,0.266,0,0.434,0.555,77.011,Row(prediction=2),3.021330993,3,0
163,Rockin' Around The Christmas Tree,Brenda Lee,0.589,0.472,8,-8.749,0.0502,0,0.505,0.898,67.196,Row(prediction=2),8.134003581,3,0
164,Let It Snow! Let It Snow! Let It Snow! (with The B. Swanson Quartet),Frank Sinatra,0.652,0.259,2,-13.336,0.0595,0,0.362,0.836,142.169,Row(prediction=5),3.423703732,3,0
165,Dead To Me,Kali Uchis,0.675,0.761,4,-4.469,0.0466,0,0.102,0.428,119.001,Row(prediction=4),8.621806591,3,0
166,Kiss Me More (feat. SZA),Doja Cat,0.762,0.701,8,-3.541,0.0286,0.000158,0.123,0.742,110.968,Row(prediction=2),8.134003581,3,0
167,Before You Go,Lewis Capaldi,0.459,0.575,3,-4.858,0.0573,0,0.0885,0.183,111.881,Row(prediction=7),8.621806591,3,0
168,INDUSTRY BABY (feat. Jack Harlow),Lil Nas X,0.741,0.691,10,-7.395,0.0672,0,0.0476,0.892,150.087,Row(prediction=2),8.134003581,3,0
169,A Holly Jolly Christmas - Single Version,Burl Ives,0.683,0.375,0,-13.056,0.0303,0,0.076,0.888,140.467,Row(prediction=5),3.423703732,3,0
170,deja vu,Olivia Rodrigo,0.442,0.612,2,-7.222,0.112,5.7E-06,0.37,0.178,180.917,Row(prediction=1),8.621806591,3,0
171,Peaches (feat. Daniel Caesar & Giveon),Justin Bieber,0.677,0.696,0,-6.181,0.119,0,0.42,0.464,90.03,Row(prediction=1),5.911137402,3,0
172,Get You (feat. Kali Uchis),Daniel Caesar,0.658,0.294,4,-8.533,0.0321,5.2E-05,0.0749,0.358,74.038,Row(prediction=7),8.621806591,3,0
173,Forever Winter (Taylor's Version) (From The Vault),Taylor Swift,0.611,0.552,7,-5.828,0.031,0,0.134,0.41,116.012,Row(prediction=4),8.621806591,3,0
174,INDUSTRY BABY (feat. Jack Harlow),Lil Nas X,0.736,0.704,3,-7.409,0.0615,0,0.0501,0.894,149.995,Row(prediction=3),3.423703732,3,0
175,Everybody Wants To Rule The World,Tears For Fears,0.645,0.795,7,-12.095,0.0527,0.00389,0.104,0.535,112.067,Row(prediction=2),8.621806591,3,0
176,I Can't Handle Change,Roar,0.247,0.438,5,-8.478,0.0358,0.000867,0.111,0.39,185.711,Row(prediction=4),8.621806591,3,0
177,Everybody Dies In Their Nightmares,XXXTENTACION,0.734,0.57,7,-7.066,0.133,2.14E-05,0.112,0.689,129.953,Row(prediction=2),8.134003581,3,0
178,She Knows (feat. Amber Coffman & Cults),J. Cole,0.766,0.74,1,-10.363,0.0807,0.0784,0.229,0.183,118.008,Row(prediction=1),8.621806591,3,0
179,Bubble Gum,Clairo,0.509,0.0167,9,-24.639,0.115,2.72E-05,0.387,0.229,207.97,Row(prediction=6),0.241910046,3,0
180,Drip Too Hard (Lil Baby & Gunna),Lil Baby,0.897,0.662,1,-6.903,0.292,0,0.534,0.389,112.511,Row(prediction=1),5.911137402,3,0
181,Drip Too Hard (Lil Baby & Gunna),Lil Baby,0.897,0.662,1,-6.903,0.292,0,0.534,0.389,112.511,Row(prediction=1),5.911137402,3,0
182,Ghost Town,Kanye West,0.573,0.545,7,-4.247,0.0288,0,0.329,0.297,83.378,Row(prediction=0),8.134003581,3,0
183,Don't Stop Believin',Journey,0.5,0.748,4,-9.072,0.0363,0,0.447,0.514,118.852,Row(prediction=0),8.134003581,3,0
184,Babe (Taylor's Version) (From The Vault),Taylor Swift,0.584,0.743,4,-7.075,0.0931,2.83E-06,0.121,0.746,167.844,Row(prediction=3),8.621806591,3,0
185,Need to Know,Doja Cat,0.664,0.609,1,-6.509,0.0707,0,0.0926,0.194,130.041,Row(prediction=1),8.621806591,3,0
186,Martin & Gina,Polo G,0.832,0.534,1,-7.813,0.253,0,0.165,0.116,93.924,Row(prediction=1),5.911137402,3,0
187,Rolling in the Deep,Adele,0.73,0.769,8,-5.114,0.0298,0,0.0473,0.507,104.948,Row(prediction=2),8.621806591,3,0
188,Wildest Dreams (Taylor's Version),Taylor Swift,0.583,0.67,8,-7.289,0.0646,0.0001,0.126,0.498,140.061,Row(prediction=4),8.621806591,3,0
189,I Drink Wine,Adele,0.437,0.565,10,-5.596,0.0466,0,0.119,0.306,115.389,Row(prediction=6),8.621806591,3,0
190,Gang Shit No Lame Shit,Key Glock,0.828,0.434,5,-10.609,0.301,0,0.0806,0.38,115.071,Row(prediction=6),3.021330993,3,0
191,Moth To A Flame (with The Weeknd),Swedish House Mafia,0.542,0.659,8,-7.289,0.0389,0,0.105,0.109,120.122,Row(prediction=6),8.621806591,3,0
192,WUSYANAME (feat. Youngboy Never Broke Again & Ty Dolla $ign),"Tyler, The Creator",0.493,0.653,0,-5.666,0.0466,0,0.511,0.852,142.347,Row(prediction=5),3.423703732,3,0
193,Je te laisserai des mots,Patrick Watson,0.303,0.187,2,-16.757,0.0356,0.489,0.101,0.213,132.731,Row(prediction=7),5.492151291,3,0
194,THATS WHAT I WANT,Lil Nas X,0.737,0.846,1,-4.51,0.22,0,0.0486,0.546,87.981,Row(prediction=5),5.911137402,3,0
195,I Bet You Think About Me (feat. Chris Stapleton) (Taylor’s Version) (From The Vault),Taylor Swift,0.391,0.715,0,-4.516,0.0495,0,0.183,0.473,149.654,Row(prediction=5),8.621806591,3,0
196,All Night Parking (with Erroll Garner) Interlude,Adele,0.734,0.497,8,-9.666,0.166,2.35E-05,0.194,0.307,127.989,Row(prediction=6),3.021330993,3,0
197,Here Comes Santa Claus (Right Down Santa Claus Lane) - 1947 Version,Gene Autry,0.834,0.371,1,-11.99,0.0358,0,0.275,0.976,96.628,Row(prediction=5),3.423703732,3,0
198,After Dark,Mr.Kitty,0.585,0.595,8,-10.444,0.0328,0.266,0.0837,0.039,140.037,Row(prediction=6),0.001834581894,3,0
199,She Knows (feat. Amber Coffman & Cults),J. Cole,0.766,0.74,1,-10.363,0.0807,0.0784,0.229,0.183,118.008,Row(prediction=1),8.621806591,3,0
200,Heat Waves,Glass Animals,0.761,0.525,11,-6.9,0.0944,6.7E-06,0.0921,0.531,80.87,Row(prediction=2),9.999432898,4,0
201,Ms. Jackson,Outkast,0.843,0.806,4,-5.946,0.269,0,0.0771,0.613,94.948,Row(prediction=3),4.745638466,4,0
202,Hurricane,Kanye West,0.587,0.561,0,-6.569,0.146,0,0.109,0.351,80.009,Row(prediction=1),4.745638466,4,0
203,Ramen & OJ,Joyner Lucas,0.597,0.571,1,-6.205,0.293,0,0.093,0.165,106.196,Row(prediction=1),4.745638466,4,0
204,Come & Go (with Marshmello),Juice WRLD,0.625,0.814,0,-5.181,0.0657,0,0.158,0.535,144.991,Row(prediction=5),8.134003581,4,0
205,Happy Xmas (War Is Over) - Remastered 2010,John Lennon,0.321,0.64,2,-10.023,0.0324,0,0.718,0.414,146.172,Row(prediction=0),4.565296499,4,0
206,Peaches (feat. Daniel Caesar & Giveon),Justin Bieber,0.677,0.696,0,-6.181,0.119,0,0.42,0.464,90.03,Row(prediction=1),0.6264156295,4,0
207,I Think I'm OKAY (with YUNGBLUD & Travis Barker),Machine Gun Kelly,0.628,0.744,7,-4.718,0.0379,0,0.313,0.277,119.921,Row(prediction=0),6.369051207,4,0
208,White Christmas,Bing Crosby,0.317,0.158,9,-16.485,0.0381,0.353,0.338,0.247,130.503,Row(prediction=6),0.1606649064,4,0
209,Can I Get It,Adele,0.703,0.68,9,-6.118,0.0431,0,0.178,0.536,97.985,Row(prediction=2),9.999432898,4,0
210,Better Man (Taylor's Version) (From The Vault),Taylor Swift,0.473,0.579,4,-5.824,0.0384,0,0.0877,0.255,73.942,Row(prediction=7),9.999432898,4,0
211,Wants and Needs (feat. Lil Baby),Drake,0.578,0.449,1,-6.349,0.286,2.17E-06,0.119,0.1,136.006,Row(prediction=1),4.745638466,4,0
212,brutal,Olivia Rodrigo,0.672,0.526,4,-6.446,0.0599,1.37E-06,0.28,0.28,123.999,Row(prediction=7),6.369051207,4,0
213,All I Want for Christmas Is You,Mariah Carey,0.336,0.627,7,-7.463,0.0384,0,0.0708,0.35,150.273,Row(prediction=4),6.369051207,4,0
214,Santa Claus Is Coming To Town,The Jackson 5,0.692,0.762,0,-4.867,0.0342,1.27E-05,0.181,0.961,146.673,Row(prediction=3),8.134003581,4,0
215,Moth To A Flame (with The Weeknd),Swedish House Mafia,0.542,0.659,8,-7.289,0.0389,0,0.105,0.109,120.122,Row(prediction=6),6.369051207,4,0
216,INDUSTRY BABY (feat. Jack Harlow),Lil Nas X,0.736,0.704,3,-7.409,0.0615,0,0.0501,0.894,149.995,Row(prediction=3),8.134003581,4,0
217,Martin & Gina,Polo G,0.832,0.534,1,-7.813,0.253,0,0.165,0.116,93.924,Row(prediction=1),4.745638466,4,0
218,Cada Quien,Grupo Firme,0.719,0.797,3,-3.89,0.0515,0,0.078,0.729,110.045,Row(prediction=3),8.134003581,4,0
219,Save Your Tears (with Ariana Grande) (Remix),The Weeknd,0.65,0.825,0,-4.645,0.0325,2.44E-05,0.0936,0.593,118.091,Row(prediction=5),8.134003581,4,0
220,No Friends In The Industry,Drake,0.84,0.744,1,-4.751,0.113,0,0.629,0.171,83.737,Row(prediction=1),0.6264156295,4,0
221,feel like shit,Tate McRae,0.508,0.378,7,-7.158,0.0473,0,0.119,0.161,144.962,Row(prediction=6),6.369051207,4,0
222,INDUSTRY BABY (feat. Jack Harlow),Lil Nas X,0.736,0.704,3,-7.409,0.0615,0,0.0501,0.894,149.995,Row(prediction=3),8.134003581,4,0
223,Forever Winter (Taylor's Version) (From The Vault),Taylor Swift,0.611,0.552,7,-5.828,0.031,0,0.134,0.41,116.012,Row(prediction=4),6.369051207,4,0
224,MONTERO (Call Me By Your Name),Lil Nas X,0.593,0.503,8,-6.725,0.22,0,0.405,0.71,178.781,Row(prediction=0),6.369051207,4,0
225,Buy Dirt,Jordan Davis,0.586,0.559,4,-6.725,0.05,0,0.0872,0.437,177.945,Row(prediction=4),6.369051207,4,0
226,Está Dañada,Ivan Cornejo,0.405,0.565,1,-9.266,0.0372,0.0195,0.107,0.166,159.892,Row(prediction=1),4.565296499,4,0
227,I Love You So,The Walters,0.575,0.648,10,-4.891,0.0358,0,0.115,0.466,75.977,Row(prediction=2),9.999432898,4,0
228,"His & Hers (feat. Don Toliver, Lil Uzi Vert & Gunna)",Internet Money,0.792,0.707,7,-5.218,0.0623,0,0.12,0.408,134.997,Row(prediction=4),6.369051207,4,0
229,Closer,The Chainsmokers,0.748,0.524,8,-5.599,0.0338,0,0.111,0.661,95.01,Row(prediction=2),9.999432898,4,0
230,Cold Heart - PNAU Remix,Elton John,0.796,0.798,1,-6.312,0.0317,4.19E-05,0.0952,0.942,116.032,Row(prediction=3),8.134003581,4,0
231,Can I Get It,Adele,0.703,0.68,9,-6.118,0.0431,0,0.178,0.536,97.985,Row(prediction=2),9.999432898,4,0
232,Ghost,Justin Bieber,0.601,0.741,2,-5.569,0.0478,2.91E-05,0.415,0.441,153.96,Row(prediction=1),4.565296499,4,0
233,In The Bible (with Lil Durk & Giveon),Drake,0.686,0.385,7,-8.35,0.297,0,0.131,0.147,143.07,Row(prediction=6),4.745638466,4,0
234,Leave Before You Love Me (with Jonas Brothers),Marshmello,0.721,0.738,7,-4.77,0.0403,4.41E-06,0.118,0.637,119.976,Row(prediction=2),9.999432898,4,0
235,Don't Stop Believin',Journey,0.5,0.748,4,-9.072,0.0363,0,0.447,0.514,118.852,Row(prediction=0),4.565296499,4,0
236,All Night Parking (with Erroll Garner) Interlude,Adele,0.734,0.497,8,-9.666,0.166,2.35E-05,0.194,0.307,127.989,Row(prediction=6),6.369051207,4,0
237,family ties (with Kendrick Lamar),Baby Keem,0.711,0.611,1,-5.453,0.329,0,0.231,0.144,134.14,Row(prediction=1),4.745638466,4,0
238,WUSYANAME (feat. Youngboy Never Broke Again & Ty Dolla $ign),"Tyler, The Creator",0.493,0.653,0,-5.666,0.0466,0,0.511,0.852,142.347,Row(prediction=5),8.134003581,4,0
239,I Almost Do (Taylor's Version),Taylor Swift,0.511,0.559,4,-6.587,0.0264,0,0.113,0.248,145.88,Row(prediction=4),6.369051207,4,0
240,Jack & Diane,John Mellencamp,0.811,0.41,9,-8.214,0.0391,6.63E-06,0.0799,0.626,103.965,Row(prediction=2),9.999432898,4,0
241,Juliet,Cavetown,0.546,0.586,6,-8.488,0.0313,0.00114,0.0562,0.364,131.778,Row(prediction=4),6.369051207,4,0
242,Jumpin (feat. Polo G),NLE Choppa,0.826,0.616,2,-5.479,0.328,0,0.287,0.612,127.925,Row(prediction=5),4.745638466,4,0
243,Holly Jolly Christmas,Michael Bublé,0.647,0.465,7,-8.308,0.0428,0,0.0882,0.699,151.251,Row(prediction=4),6.369051207,4,0
244,Here Comes Santa Claus (Right Down Santa Claus Lane) - 1947 Version,Gene Autry,0.834,0.371,1,-11.99,0.0358,0,0.275,0.976,96.628,Row(prediction=5),0.2678137986,4,0
245,Bad Man (Smooth Criminal),Polo G,0.882,0.662,0,-6.382,0.242,0,0.106,0.57,120.034,Row(prediction=5),4.745638466,4,0
246,Always Forever,Cults,0.174,0.742,8,-5.93,0.0485,0.281,0.198,0.36,163.378,Row(prediction=4),6.369051207,4,0
247,El Tóxico,Grupo Firme,0.626,0.503,10,-5.087,0.141,0,0.234,0.821,72.985,Row(prediction=2),9.999432898,4,0
248,I Fall Apart,Post Malone,0.556,0.538,8,-5.408,0.0382,0,0.196,0.291,143.95,Row(prediction=4),6.369051207,4,0
249,Jingle Bell Rock,Bobby Helms,0.754,0.424,2,-8.463,0.0363,0,0.0652,0.806,119.705,Row(prediction=5),0.2678137986,4,0
250,Life Goes On,Oliver Tree,0.7,0.49,0,-5.187,0.076,0,0.117,0.569,79.982,Row(prediction=5),5.523339372,5,0
251,Billie Jean,Michael Jackson,0.92,0.654,11,-3.051,0.0401,0.0158,0.0359,0.847,117.046,Row(prediction=2),5.492151291,5,0
252,edamame (feat. Rich Brian),bbno$,0.815,0.848,4,-4.704,0.115,0.000162,0.0265,0.684,106.032,Row(prediction=3),5.523339372,5,0
253,INDUSTRY BABY (feat. Jack Harlow),Lil Nas X,0.736,0.704,3,-7.409,0.0615,0,0.0501,0.894,149.995,Row(prediction=3),5.523339372,5,0
254,Godzilla (feat. Juice WRLD),Eminem,0.808,0.745,10,-5.26,0.342,0,0.292,0.829,165.995,Row(prediction=2),1.740184263,5,0
255,Flex (feat. Juice WRLD),Polo G,0.752,0.673,10,-5.792,0.153,0,0.133,0.35,164.009,Row(prediction=4),5.492151291,5,0
256,Drip Too Hard (Lil Baby & Gunna),Lil Baby,0.897,0.662,1,-6.903,0.292,0,0.534,0.389,112.511,Row(prediction=1),5.161055375,5,0
257,By Your Side,Rod Wave,0.649,0.508,8,-10.232,0.0959,3.59E-05,0.0736,0.405,157.975,Row(prediction=4),9.993783429,5,0
258,For The Night (feat. Lil Baby & DaBaby),Pop Smoke,0.823,0.586,6,-6.606,0.2,0,0.193,0.347,125.971,Row(prediction=4),5.492151291,5,0
259,Easy On Me,Adele,0.604,0.366,5,-7.519,0.0282,0,0.133,0.13,141.981,Row(prediction=6),9.993783429,5,0
260,Strangers By Nature,Adele,0.387,0.253,5,-8.901,0.0336,0.000159,0.0848,0.134,68.004,Row(prediction=7),5.533872642,5,0
261,Happier Than Ever,Billie Eilish,0.332,0.225,0,-8.697,0.0348,0.00349,0.128,0.297,81.055,Row(prediction=7),5.533872642,5,0
262,E-ER (feat. Lil Yachty),DJ Scheme,0.952,0.29,8,-11.459,0.428,0,0.107,0.394,130.083,Row(prediction=6),0.2184555419,5,0
263,Easy On Me,Adele,0.604,0.366,5,-7.519,0.0282,0,0.133,0.13,141.981,Row(prediction=6),9.993783429,5,0
264,Leave Before You Love Me (with Jonas Brothers),Marshmello,0.721,0.738,7,-4.77,0.0403,4.41E-06,0.118,0.637,119.976,Row(prediction=2),5.492151291,5,0
265,Already Dead,Juice WRLD,0.74,0.501,1,-6.339,0.0592,0,0.114,0.119,83.5,Row(prediction=7),5.533872642,5,0
266,Closer,The Chainsmokers,0.748,0.524,8,-5.599,0.0338,0,0.111,0.661,95.01,Row(prediction=2),5.492151291,5,0
267,All I Ask,Adele,0.591,0.28,4,-5.494,0.0283,0,0.124,0.348,141.916,Row(prediction=7),9.993783429,5,0
268,Already Dead,Juice WRLD,0.74,0.501,1,-6.339,0.0592,0,0.114,0.119,83.5,Row(prediction=7),5.533872642,5,0
269,Drip Too Hard (Lil Baby & Gunna),Lil Baby,0.897,0.662,1,-6.903,0.292,0,0.534,0.389,112.511,Row(prediction=1),5.161055375,5,0
270,Freaks,Surf Curse,0.345,0.941,9,-9.918,0.0466,0.633,0.0511,0.407,179.626,Row(prediction=4),3.502469089,5,0
271,Better Days (NEIKED x Mae Muller x Polo G),NEIKED,0.717,0.671,0,-5.077,0.0337,2.54E-06,0.0921,0.699,110.054,Row(prediction=5),5.523339372,5,0
272,First Love / Late Spring,Mitski,0.445,0.543,0,-8.196,0.0272,0.0137,0.202,0.102,99.963,Row(prediction=1),5.533872642,5,0
273,Get You (feat. Kali Uchis),Daniel Caesar,0.658,0.294,4,-8.533,0.0321,5.2E-05,0.0749,0.358,74.038,Row(prediction=7),5.533872642,5,0
274,I GUESS I'M IN LOVE,Clinton Kane,0.422,0.34,0,-6.577,0.0351,1.77E-05,0.149,0.223,77.213,Row(prediction=7),5.533872642,5,0
275,I Drink Wine,Adele,0.437,0.565,10,-5.596,0.0466,0,0.119,0.306,115.389,Row(prediction=6),5.492151291,5,0
276,Collard Greens,ScHoolboy Q,0.825,0.575,11,-4.87,0.0633,9.94E-06,0.205,0.65,153.954,Row(prediction=2),5.492151291,5,0
277,Alien Blues,Vundabar,0.464,0.682,10,-8.541,0.033,0.832,0.0856,0.455,80.062,Row(prediction=2),3.502469089,5,0
278,Está Dañada,Ivan Cornejo,0.405,0.565,1,-9.266,0.0372,0.0195,0.107,0.166,159.892,Row(prediction=1),5.523339372,5,0
279,Ramen & OJ,Joyner Lucas,0.597,0.571,1,-6.205,0.293,0,0.093,0.165,106.196,Row(prediction=1),5.533872642,5,0
280,Cada Quien,Grupo Firme,0.719,0.797,3,-3.89,0.0515,0,0.078,0.729,110.045,Row(prediction=3),5.523339372,5,0
281,Está Dañada,Ivan Cornejo,0.405,0.565,1,-9.266,0.0372,0.0195,0.107,0.166,159.892,Row(prediction=1),5.523339372,5,0
282,Goodie Bag,Still Woozy,0.739,0.522,7,-12.304,0.151,0.00124,0.233,0.619,138.263,Row(prediction=6),9.993783429,5,0
283,Christmas (Baby Please Come Home),Mariah Carey,0.561,0.782,3,-7.444,0.0317,0,0.109,0.704,127.148,Row(prediction=3),5.523339372,5,0
284,Way 2 Sexy (with Future & Young Thug),Drake,0.803,0.597,11,-6.035,0.141,4.5E-06,0.323,0.331,136.008,Row(prediction=0),5.492151291,5,0
285,Bandit (with YoungBoy Never Broke Again),Juice WRLD,0.474,0.631,5,-5.884,0.343,0,0.132,0.425,180.051,Row(prediction=4),1.740184263,5,0
286,It's Beginning to Look a Lot Like Christmas (with Mitchell Ayres & His Orchestra),Perry Como,0.724,0.276,7,-12.25,0.0599,0,0.116,0.718,112.874,Row(prediction=6),9.993783429,5,0
287,Need to Know,Doja Cat,0.664,0.609,1,-6.509,0.0707,0,0.0926,0.194,130.041,Row(prediction=1),5.523339372,5,0
288,Cry Your Heart Out,Adele,0.756,0.713,7,-6.917,0.102,3.35E-06,0.248,0.59,125.064,Row(prediction=2),5.492151291,5,0
289,HOT DEMON B!TCHES NEAR U ! ! !,CORPSE,0.788,0.764,7,-4.054,0.254,0,0.224,0.841,100.095,Row(prediction=2),5.161055375,5,0
290,Heat Waves,Glass Animals,0.761,0.525,11,-6.9,0.0944,6.7E-06,0.0921,0.531,80.87,Row(prediction=2),5.492151291,5,0
291,exile (feat. Bon Iver),Taylor Swift,0.298,0.38,6,-8.426,0.0287,5.62E-05,0.11,0.152,75.602,Row(prediction=7),5.533872642,5,0
292,Good Days,SZA,0.436,0.655,1,-8.37,0.0583,8.1E-06,0.688,0.412,121.002,Row(prediction=1),5.523339372,5,0
293,Blinding Lights,The Weeknd,0.514,0.73,1,-5.934,0.0598,9.54E-05,0.0897,0.334,171.005,Row(prediction=1),5.523339372,5,0
294,For Tonight,Giveon,0.442,0.517,9,-7.807,0.0548,0,0.114,0.2,79.867,Row(prediction=6),5.492151291,5,0
295,Rich MF (feat. Polo G & Lil Durk),Trippie Redd,0.756,0.698,6,-5.464,0.178,0,0.221,0.66,77.497,Row(prediction=2),5.161055375,5,0
296,No Role Modelz,J. Cole,0.692,0.521,10,-8.465,0.33,0,0.0565,0.463,100.45,Row(prediction=2),0.2184555419,5,0
297,I Bet You Think About Me (feat. Chris Stapleton) (Taylor’s Version) (From The Vault),Taylor Swift,0.391,0.715,0,-4.516,0.0495,0,0.183,0.473,149.654,Row(prediction=5),5.523339372,5,0
298,Enemy (with JID) - from the series Arcane League of Legends,Imagine Dragons,0.728,0.783,11,-4.424,0.266,0,0.434,0.555,77.011,Row(prediction=2),5.161055375,5,0
299,It's Beginning to Look a Lot Like Christmas (with Mitchell Ayres & His Orchestra),Perry Como,0.724,0.276,7,-12.25,0.0599,0,0.116,0.718,112.874,Row(prediction=6),9.993783429,5,0
300,Christmas (Baby Please Come Home),Darlene Love,0.325,0.759,8,-7.146,0.053,0.000362,0.0773,0.36,126.627,Row(prediction=4),9.99999957,6,0
301,Begin Again (Taylor's Version),Taylor Swift,0.519,0.527,7,-7.673,0.0274,0,0.132,0.267,78.915,Row(prediction=6),9.99999957,6,0
302,Jungle,Drake,0.697,0.235,7,-8.651,0.0534,0.000144,0.107,0.378,99.947,Row(prediction=6),3.021330993,6,0
303,"Who Want Smoke?? (feat. G Herbo, Lil Durk & 21 Savage)",Nardo Wick,0.739,0.74,5,-5.86,0.333,0,0.161,0.488,75.575,Row(prediction=2),8.558561215,6,0
304,Goosebumps - Remix,Travis Scott,0.841,0.593,1,-7.846,0.0379,0,0.124,0.808,124.917,Row(prediction=5),3.423703732,6,0
305,Empty,Juice WRLD,0.745,0.561,0,-4.869,0.0807,0,0.133,0.449,77.557,Row(prediction=5),7.221400812,6,0
306,A Holly Jolly Christmas - Single Version,Burl Ives,0.683,0.375,0,-13.056,0.0303,0,0.076,0.888,140.467,Row(prediction=5),7.221400812,6,0
307,Jack & Diane,John Mellencamp,0.811,0.41,9,-8.214,0.0391,6.63E-06,0.0799,0.626,103.965,Row(prediction=2),9.99999957,6,0
308,If I Didn't Love You,Jason Aldean,0.456,0.679,1,-4.802,0.0324,0,0.103,0.483,184.075,Row(prediction=5),7.221400812,6,0
309,Dynamite,BTS,0.746,0.765,6,-4.41,0.0993,0,0.0936,0.737,114.044,Row(prediction=3),9.99999957,6,0
310,Doin' This,Luke Combs,0.593,0.552,1,-5.838,0.028,1.71E-05,0.11,0.39,115,Row(prediction=1),7.221400812,6,0
311,DNA.,Kendrick Lamar,0.638,0.523,1,-6.664,0.357,0,0.0842,0.422,139.913,Row(prediction=1),7.221400812,6,0
312,Oh My God,Adele,0.534,0.725,1,-3.906,0.046,0,0.0264,0.55,88.098,Row(prediction=5),3.423703732,6,0
313,Enemy (with JID) - from the series Arcane League of Legends,Imagine Dragons,0.728,0.783,11,-4.424,0.266,0,0.434,0.555,77.011,Row(prediction=2),8.558561215,6,0
314,Hello (feat. A Boogie Wit da Hoodie),Pop Smoke,0.905,0.647,10,-5.065,0.107,0,0.282,0.367,130.97,Row(prediction=0),8.558561215,6,0
315,Enemy (with JID) - from the series Arcane League of Legends,Imagine Dragons,0.728,0.783,11,-4.424,0.266,0,0.434,0.555,77.011,Row(prediction=2),8.558561215,6,0
316,Just the Way You Are,Bruno Mars,0.635,0.841,5,-5.379,0.0422,0,0.0622,0.424,109.021,Row(prediction=4),9.99999957,6,0
317,INDUSTRY BABY (feat. Jack Harlow),Lil Nas X,0.736,0.704,3,-7.409,0.0615,0,0.0501,0.894,149.995,Row(prediction=3),3.423703732,6,0
318,Wildest Dreams (Taylor's Version),Taylor Swift,0.583,0.67,8,-7.289,0.0646,0.0001,0.126,0.498,140.061,Row(prediction=4),9.99999957,6,0
319,2055,Sleepy Hallow,0.829,0.512,6,-5.865,0.187,0,0.12,0.638,80.511,Row(prediction=2),9.99999957,6,0
320,Mood (feat. iann dior),24kGoldn,0.701,0.716,7,-3.671,0.0361,0,0.324,0.732,91.007,Row(prediction=2),8.558561215,6,0
321,Break from Toronto,PARTYNEXTDOOR,0.596,0.678,9,-5.18,0.0335,0.004,0.418,0.259,117.066,Row(prediction=0),8.558561215,6,0
322,For Tonight,Giveon,0.442,0.517,9,-7.807,0.0548,0,0.114,0.2,79.867,Row(prediction=6),9.99999957,6,0
323,Everybody Talks,Neon Trees,0.471,0.924,8,-3.906,0.0586,0,0.313,0.725,154.961,Row(prediction=2),1.868781013,6,0
324,Smokin Out The Window,Bruno Mars,0.627,0.618,2,-8.529,0.0437,0,0.351,0.848,82.03,Row(prediction=5),3.423703732,6,0
325,Holly Jolly Christmas,Michael Bublé,0.647,0.465,7,-8.308,0.0428,0,0.0882,0.699,151.251,Row(prediction=4),9.99999957,6,0
326,Way 2 Sexy (with Future & Young Thug),Drake,0.803,0.597,11,-6.035,0.141,4.5E-06,0.323,0.331,136.008,Row(prediction=0),8.558561215,6,0
327,Cold Heart - PNAU Remix,Elton John,0.796,0.798,1,-6.312,0.0317,4.19E-05,0.0952,0.942,116.032,Row(prediction=3),3.423703732,6,0
328,MONTERO (Call Me By Your Name),Lil Nas X,0.593,0.503,8,-6.725,0.22,0,0.405,0.71,178.781,Row(prediction=0),1.868781013,6,0
329,Hold On,Adele,0.366,0.364,0,-7.814,0.0433,1.15E-05,0.165,0.459,165.902,Row(prediction=1),7.221400812,6,0
330,Bad Habits,Ed Sheeran,0.807,0.893,11,-3.745,0.0347,2.79E-05,0.366,0.537,126.011,Row(prediction=2),8.558561215,6,0
331,First Love / Late Spring,Mitski,0.445,0.543,0,-8.196,0.0272,0.0137,0.202,0.102,99.963,Row(prediction=1),7.221400812,6,0
332,Do You Hear What I Hear? - Remastered 2006,Bing Crosby,0.566,0.246,10,-15.499,0.0276,1.48E-06,0.195,0.412,101.529,Row(prediction=6),0.241910046,6,0
333,Whiskey Glasses,Morgan Wallen,0.614,0.68,6,-4.58,0.0289,1.84E-06,0.115,0.707,149.959,Row(prediction=3),9.99999957,6,0
334,After Dark,Mr.Kitty,0.585,0.595,8,-10.444,0.0328,0.266,0.0837,0.039,140.037,Row(prediction=6),0.001834581894,6,0
335,Enchanted,Taylor Swift,0.455,0.623,8,-3.878,0.0288,0.000424,0.146,0.208,163.893,Row(prediction=4),9.99999957,6,0
336,love nwantiti (ah ah ah),CKay,0.727,0.739,8,-3.805,0.0411,0.00137,0.161,0.533,93.005,Row(prediction=2),9.99999957,6,0
337,Bad Man (Smooth Criminal),Polo G,0.882,0.662,0,-6.382,0.242,0,0.106,0.57,120.034,Row(prediction=5),7.221400812,6,0
338,Cloud 9,Beach Bunny,0.637,0.929,4,-3.593,0.0491,2.62E-05,0.344,0.902,80.974,Row(prediction=3),3.423703732,6,0
339,Happier Than Ever,Billie Eilish,0.332,0.225,0,-8.697,0.0348,0.00349,0.128,0.297,81.055,Row(prediction=7),7.221400812,6,0
340,Enter Sandman (Remastered),Metallica,0.566,0.834,6,-8.412,0.0298,0.008,0.0625,0.621,123.296,Row(prediction=3),9.99999957,6,0
341,Way 2 Sexy (with Future & Young Thug),Drake,0.803,0.597,11,-6.035,0.141,4.5E-06,0.323,0.331,136.008,Row(prediction=0),8.558561215,6,0
342,Flocky Flocky (feat. Travis Scott),Don Toliver,0.8,0.541,10,-5.05,0.0375,0,0.146,0.194,135.99,Row(prediction=6),9.99999957,6,0
343,favorite crime,Olivia Rodrigo,0.369,0.272,9,-10.497,0.0364,0,0.147,0.218,172.929,Row(prediction=6),3.021330993,6,0
344,To Be Loved,Adele,0.356,0.176,8,-8.291,0.0391,0,0.231,0.289,170.425,Row(prediction=6),3.021330993,6,0
345,Heather,Conan Gray,0.357,0.425,5,-7.301,0.0333,0,0.322,0.27,102.078,Row(prediction=7),3.021330993,6,0
346,Butter,BTS,0.759,0.459,8,-5.187,0.0948,0,0.0906,0.695,109.997,Row(prediction=2),9.99999957,6,0
347,Need to Know,Doja Cat,0.664,0.609,1,-6.509,0.0707,0,0.0926,0.194,130.041,Row(prediction=1),7.221400812,6,0
348,Easy On Me,Adele,0.604,0.366,5,-7.519,0.0282,0,0.133,0.13,141.981,Row(prediction=6),3.021330993,6,0
349,It's the Most Wonderful Time of the Year,Andy Williams,0.24,0.598,7,-8.435,0.0369,0,0.117,0.776,201.629,Row(prediction=4),1.868781013,6,0
350,Happier Than Ever,Billie Eilish,0.332,0.225,0,-8.697,0.0348,0.00349,0.128,0.297,81.055,Row(prediction=7),9.998122103,7,0
351,I Hate U,SZA,0.535,0.388,7,-9.805,0.155,0,0.11,0.412,106.703,Row(prediction=6),4.225637607,7,0
352,Save Your Tears (with Ariana Grande) (Remix),The Weeknd,0.65,0.825,0,-4.645,0.0325,2.44E-05,0.0936,0.593,118.091,Row(prediction=5),5.620694832,7,0
353,Está Dañada,Ivan Cornejo,0.405,0.565,1,-9.266,0.0372,0.0195,0.107,0.166,159.892,Row(prediction=1),9.998122103,7,0
354,Element,Pop Smoke,0.772,0.878,2,-4.22,0.324,2.18E-06,0.251,0.305,61.311,Row(prediction=1),4.942591249,7,0
355,Leave Before You Love Me (with Jonas Brothers),Marshmello,0.721,0.738,7,-4.77,0.0403,4.41E-06,0.118,0.637,119.976,Row(prediction=2),8.899590206,7,0
356,"Hey, Soul Sister",Train,0.673,0.886,1,-4.44,0.0431,0,0.0826,0.795,97.012,Row(prediction=3),5.620694832,7,0
357,Beer Never Broke My Heart,Luke Combs,0.538,0.863,1,-4.483,0.0481,0,0.0874,0.637,77.001,Row(prediction=5),5.620694832,7,0
358,Flex (feat. Juice WRLD),Polo G,0.752,0.673,10,-5.792,0.153,0,0.133,0.35,164.009,Row(prediction=4),8.899590206,7,0
359,Break from Toronto,PARTYNEXTDOOR,0.596,0.678,9,-5.18,0.0335,0.004,0.418,0.259,117.066,Row(prediction=0),4.565296499,7,0
360,Flex (feat. Juice WRLD),Polo G,0.752,0.673,10,-5.792,0.153,0,0.133,0.35,164.009,Row(prediction=4),8.899590206,7,0
361,Jungle,Drake,0.697,0.235,7,-8.651,0.0534,0.000144,0.107,0.378,99.947,Row(prediction=6),4.225637607,7,0
362,Hellcats & Trackhawks,Only The Family,0.841,0.672,1,-5.557,0.371,0,0.321,0.599,157.026,Row(prediction=5),0.6264156295,7,0
363,Beggin',Måneskin,0.714,0.8,11,-4.808,0.0504,0,0.359,0.589,134.002,Row(prediction=2),4.565296499,7,0
364,Heartbreak Anniversary,Giveon,0.449,0.465,0,-8.964,0.0791,1.02E-06,0.303,0.543,89.087,Row(prediction=5),9.998122103,7,0
365,Enemy (with JID) - from the series Arcane League of Legends,Imagine Dragons,0.728,0.783,11,-4.424,0.266,0,0.434,0.555,77.011,Row(prediction=2),4.565296499,7,0
366,SLOW DANCING IN THE DARK,Joji,0.515,0.479,3,-7.458,0.0261,0.00598,0.191,0.284,88.964,Row(prediction=7),9.998122103,7,0
367,Je te laisserai des mots,Patrick Watson,0.303,0.187,2,-16.757,0.0356,0.489,0.101,0.213,132.731,Row(prediction=7),0.1873872821,7,0
368,edamame (feat. Rich Brian),bbno$,0.815,0.848,4,-4.704,0.115,0.000162,0.0265,0.684,106.032,Row(prediction=3),5.620694832,7,0
369,EVERY CHANCE I GET (feat. Lil Baby & Lil Durk),DJ Khaled,0.477,0.727,2,-4.053,0.286,0,0.108,0.227,150.062,Row(prediction=1),0.6264156295,7,0
370,STAY (with Justin Bieber),The Kid LAROI,0.591,0.764,1,-5.484,0.0483,0,0.103,0.478,169.928,Row(prediction=5),5.620694832,7,0
371,Dynamite,BTS,0.746,0.765,6,-4.41,0.0993,0,0.0936,0.737,114.044,Row(prediction=3),5.620694832,7,0
372,Juicy - 2005 Remaster,The Notorious B.I.G.,0.889,0.818,9,-4.639,0.253,0,0.179,0.782,96.063,Row(prediction=2),4.942591249,7,0
373,Easy On Me,Adele,0.604,0.366,5,-7.519,0.0282,0,0.133,0.13,141.981,Row(prediction=6),4.225637607,7,0
374,Falling,Harry Styles,0.567,0.267,4,-6.502,0.0299,1.46E-06,0.089,0.0592,110.011,Row(prediction=7),9.998122103,7,0
375,After Dark,Mr.Kitty,0.585,0.595,8,-10.444,0.0328,0.266,0.0837,0.039,140.037,Row(prediction=6),8.899590206,7,0
376,Have Yourself A Merry Little Christmas,Judy Garland,0.156,0.184,6,-14.82,0.0393,0.00458,0.26,0.107,180.887,Row(prediction=6),4.225637607,7,0
377,Santa Claus Is Coming To Town,The Jackson 5,0.692,0.762,0,-4.867,0.0342,1.27E-05,0.181,0.961,146.673,Row(prediction=3),5.620694832,7,0
378,goosebumps,Travis Scott,0.841,0.728,7,-3.37,0.0484,0,0.149,0.43,130.049,Row(prediction=4),8.899590206,7,0
379,Face Off,Tech N9ne,0.693,0.935,8,-4.323,0.224,0,0.179,0.391,80.882,Row(prediction=2),4.942591249,7,0
380,Better Days (NEIKED x Mae Muller x Polo G),NEIKED,0.717,0.671,0,-5.077,0.0337,2.54E-06,0.0921,0.699,110.054,Row(prediction=5),5.620694832,7,0
381,Blue Christmas,Elvis Presley,0.465,0.27,4,-16.661,0.0425,0.00104,0.145,0.58,94.518,Row(prediction=7),4.225637607,7,0
382,everything i wanted,Billie Eilish,0.704,0.225,6,-14.454,0.0994,0.657,0.106,0.243,120.006,Row(prediction=6),0.1873872821,7,0
383,Go Crazy,Chris Brown,0.755,0.578,0,-8.932,0.145,0,0.25,0.581,94.148,Row(prediction=5),5.620694832,7,0
384,Can I Get It,Adele,0.703,0.68,9,-6.118,0.0431,0,0.178,0.536,97.985,Row(prediction=2),8.899590206,7,0
385,Falling,Trevor Daniel,0.785,0.431,10,-8.756,0.0364,0,0.0887,0.236,127.085,Row(prediction=6),8.899590206,7,0
386,Juliet,Cavetown,0.546,0.586,6,-8.488,0.0313,0.00114,0.0562,0.364,131.778,Row(prediction=4),8.899590206,7,0
387,Bad Habits,Ed Sheeran,0.807,0.893,11,-3.745,0.0347,2.79E-05,0.366,0.537,126.011,Row(prediction=2),4.565296499,7,0
388,After Last Night (with Thundercat & Bootsy Collins),Bruno Mars,0.651,0.703,0,-8.958,0.0816,0,0.0608,0.647,140.051,Row(prediction=5),5.620694832,7,0
389,It's Beginning to Look a Lot like Christmas,Michael Bublé,0.339,0.214,4,-11.714,0.0375,7.47E-06,0.341,0.363,94.775,Row(prediction=7),4.225637607,7,0
390,For the First Time,Mac DeMarco,0.551,0.529,5,-10.469,0.0517,0.0093,0.178,0.521,75.515,Row(prediction=7),4.225637607,7,0
391,Chosen (feat. Ty Dolla $ign),Blxst,0.571,0.767,2,-5.16,0.287,0,0.0809,0.605,93.421,Row(prediction=5),4.942591249,7,0
392,Buy Dirt,Jordan Davis,0.586,0.559,4,-6.725,0.05,0,0.0872,0.437,177.945,Row(prediction=4),8.899590206,7,0
393,"...And to Those I Love, Thanks for Sticking Around",$uicideboy$,0.792,0.511,2,-6.876,0.0409,9.04E-05,0.14,0.111,113.983,Row(prediction=7),9.998122103,7,0
394,"Who Want Smoke?? (feat. G Herbo, Lil Durk & 21 Savage)",Nardo Wick,0.739,0.74,5,-5.86,0.333,0,0.161,0.488,75.575,Row(prediction=2),4.942591249,7,0
395,Don't,Bryson Tiller,0.765,0.356,11,-5.556,0.195,0,0.0963,0.189,96.991,Row(prediction=6),8.899590206,7,0
396,Die For You,The Weeknd,0.582,0.525,1,-7.163,0.0627,0,0.134,0.51,133.249,Row(prediction=5),5.620694832,7,0
397,Already Dead,Juice WRLD,0.74,0.501,1,-6.339,0.0592,0,0.114,0.119,83.5,Row(prediction=7),9.998122103,7,0
398,Empty,Juice WRLD,0.745,0.561,0,-4.869,0.0807,0,0.133,0.449,77.557,Row(prediction=5),9.998122103,7,0
399,Smokin Out The Window,Bruno Mars,0.627,0.618,2,-8.529,0.0437,0,0.351,0.848,82.03,Row(prediction=5),5.620694832,7,0
400,I Can't Handle Change,Roar,0.247,0.438,5,-8.478,0.0358,0.000867,0.111,0.39,185.711,Row(prediction=4),8.255867218,8,0
401,Wildest Dreams (Taylor's Version),Taylor Swift,0.583,0.67,8,-7.289,0.0646,0.0001,0.126,0.498,140.061,Row(prediction=4),8.255867218,8,0
402,I Saw Mommy Kissing Santa Claus,The Jackson 5,0.583,0.712,3,-8.222,0.0538,1.02E-06,0.817,0.614,128.897,Row(prediction=0),1.740184263,8,0
403,By Your Side,Rod Wave,0.649,0.508,8,-10.232,0.0959,3.59E-05,0.0736,0.405,157.975,Row(prediction=4),8.255867218,8,0
404,"Who Want Smoke?? (feat. G Herbo, Lil Durk & 21 Savage)",Nardo Wick,0.739,0.74,5,-5.86,0.333,0,0.161,0.488,75.575,Row(prediction=2),8.013892651,8,0
405,HUMBLE.,Kendrick Lamar,0.908,0.621,1,-6.638,0.102,5.39E-05,0.0958,0.421,150.011,Row(prediction=1),5.103246191,8,0
406,"jealousy, jealousy",Olivia Rodrigo,0.695,0.575,10,-6.334,0.116,0,0.0614,0.699,163.929,Row(prediction=2),2.72237772,8,0
407,Jugaste y Sufrí,Eslabon Armado,0.39,0.499,7,-7.778,0.0381,0.000497,0.115,0.34,200.156,Row(prediction=4),8.255867218,8,0
408,Stuck with U (with Justin Bieber),Ariana Grande,0.597,0.45,8,-6.658,0.0418,0,0.382,0.537,178.765,Row(prediction=0),8.255867218,8,0
409,"Dear Maria, Count Me In",All Time Low,0.459,0.895,2,-3.126,0.0805,0,0.206,0.572,181.04,Row(prediction=3),5.492151291,8,0
410,m y . l i f e (with 21 Savage & Morray),J. Cole,0.597,0.587,7,-7.026,0.137,0,0.214,0.0753,140.021,Row(prediction=6),2.72237772,8,0
411,Daddy Issues,The Neighbourhood,0.588,0.521,10,-9.461,0.0329,0.149,0.123,0.337,85.012,Row(prediction=6),8.255867218,8,0
412,justified,Kacey Musgraves,0.669,0.552,0,-7.98,0.0587,0.000874,0.321,0.488,100.102,Row(prediction=5),5.103246191,8,0
413,Cold Heart - PNAU Remix,Elton John,0.796,0.798,1,-6.312,0.0317,4.19E-05,0.0952,0.942,116.032,Row(prediction=3),5.103246191,8,0
414,Ms. Jackson,Outkast,0.843,0.806,4,-5.946,0.269,0,0.0771,0.613,94.948,Row(prediction=3),8.013892651,8,0
415,Happier Than Ever,Billie Eilish,0.332,0.225,0,-8.697,0.0348,0.00349,0.128,0.297,81.055,Row(prediction=7),5.103246191,8,0
416,GO (feat. Juice WRLD),The Kid LAROI,0.487,0.74,6,-4.973,0.0944,0,0.612,0.522,73.779,Row(prediction=0),1.740184263,8,0
417,Bubbly (with Drake & Travis Scott),Young Thug,0.91,0.585,11,-7.572,0.257,0,0.127,0.599,129.011,Row(prediction=2),2.72237772,8,0
418,Chanel,Frank Ocean,0.776,0.503,0,-5.732,0.237,0,0.112,0.473,110.134,Row(prediction=5),4.85315885,8,0
419,Electric Feel,MGMT,0.763,0.803,1,-3.713,0.0351,0.285,0.348,0.561,103.04,Row(prediction=5),5.492151291,8,0
420,Gives You Hell,The All-American Rejects,0.718,0.691,4,-6.44,0.0387,0,0.0627,0.552,100.008,Row(prediction=5),5.492151291,8,0
421,A Holly Jolly Christmas - Single Version,Burl Ives,0.683,0.375,0,-13.056,0.0303,0,0.076,0.888,140.467,Row(prediction=5),0.9657195033,8,0
422,Ramen & OJ,Joyner Lucas,0.597,0.571,1,-6.205,0.293,0,0.093,0.165,106.196,Row(prediction=1),4.85315885,8,0
423,Chasin' You,Morgan Wallen,0.631,0.591,7,-5.785,0.0277,0,0.11,0.489,97.074,Row(prediction=2),8.255867218,8,0
424,INDUSTRY BABY (feat. Jack Harlow),Lil Nas X,0.736,0.704,3,-7.409,0.0615,0,0.0501,0.894,149.995,Row(prediction=3),5.103246191,8,0
425,Freaks,Surf Curse,0.345,0.941,9,-9.918,0.0466,0.633,0.0511,0.407,179.626,Row(prediction=4),5.492151291,8,0
426,Heat Waves,Glass Animals,0.761,0.525,11,-6.9,0.0944,6.7E-06,0.0921,0.531,80.87,Row(prediction=2),8.255867218,8,0
427,Fair Trade (with Travis Scott),Drake,0.666,0.465,1,-8.545,0.26,0,0.215,0.292,167.937,Row(prediction=1),4.85315885,8,0
428,Come Back...Be Here (Taylor's Version),Taylor Swift,0.46,0.632,4,-6.031,0.0302,0,0.0822,0.399,79.846,Row(prediction=7),5.492151291,8,0
429,"Gravity (feat. Tyler, The Creator)",Brent Faiyaz,0.539,0.615,1,-8.746,0.252,0.0056,0.144,0.493,163.924,Row(prediction=1),4.85315885,8,0
430,I Wonder,Kanye West,0.542,0.466,0,-8.665,0.0831,0.000445,0.125,0.124,191.385,Row(prediction=1),4.85315885,8,0
431,Moth To A Flame (with The Weeknd),Swedish House Mafia,0.542,0.659,8,-7.289,0.0389,0,0.105,0.109,120.122,Row(prediction=6),8.255867218,8,0
432,Just for me,PinkPantheress,0.778,0.628,0,-7.844,0.0618,0.00193,0.299,0.698,133.048,Row(prediction=5),5.103246191,8,0
433,Better Days (NEIKED x Mae Muller x Polo G),NEIKED,0.717,0.671,0,-5.077,0.0337,2.54E-06,0.0921,0.699,110.054,Row(prediction=5),5.103246191,8,0
434,Fancy Like,Walker Hayes,0.649,0.76,1,-6.487,0.0574,0,0.317,0.843,80.018,Row(prediction=5),5.103246191,8,0
435,Wants and Needs (feat. Lil Baby),Drake,0.578,0.449,1,-6.349,0.286,2.17E-06,0.119,0.1,136.006,Row(prediction=1),4.85315885,8,0
436,Can I Get It,Adele,0.703,0.68,9,-6.118,0.0431,0,0.178,0.536,97.985,Row(prediction=2),8.255867218,8,0
437,For The Night (feat. Lil Baby & DaBaby),Pop Smoke,0.823,0.586,6,-6.606,0.2,0,0.193,0.347,125.971,Row(prediction=4),2.72237772,8,0
438,Feliz Navidad,José Feliciano,0.513,0.831,2,-9.004,0.0383,0,0.336,0.963,148.837,Row(prediction=3),5.103246191,8,0
439,Flex (feat. Juice WRLD),Polo G,0.752,0.673,10,-5.792,0.153,0,0.133,0.35,164.009,Row(prediction=4),2.72237772,8,0
440,Strangers By Nature,Adele,0.387,0.253,5,-8.901,0.0336,0.000159,0.0848,0.134,68.004,Row(prediction=7),8.255867218,8,0
441,Mood (feat. iann dior),24kGoldn,0.701,0.716,7,-3.671,0.0361,0,0.324,0.732,91.007,Row(prediction=2),5.492151291,8,0
442,Chasing After You (with Maren Morris),Ryan Hurd,0.596,0.679,4,-6.395,0.0394,0,0.116,0.479,131.912,Row(prediction=4),5.492151291,8,0
443,family ties (with Kendrick Lamar),Baby Keem,0.711,0.611,1,-5.453,0.329,0,0.231,0.144,134.14,Row(prediction=1),4.85315885,8,0
444,Sweater Weather,The Neighbourhood,0.612,0.807,10,-2.81,0.0336,0.0177,0.101,0.398,124.053,Row(prediction=2),8.255867218,8,0
445,Best Friend (feat. Doja Cat),Saweetie,0.84,0.766,4,-4.12,0.136,3.61E-06,0.0684,0.402,94.018,Row(prediction=5),5.492151291,8,0
446,Fortunate Son,Creedence Clearwater Revival,0.64,0.663,0,-7.516,0.0374,0.00806,0.152,0.663,132.77,Row(prediction=5),5.103246191,8,0
447,edamame (feat. Rich Brian),bbno$,0.815,0.848,4,-4.704,0.115,0.000162,0.0265,0.684,106.032,Row(prediction=3),5.492151291,8,0
448,Mood (feat. iann dior),24kGoldn,0.701,0.716,7,-3.671,0.0361,0,0.324,0.732,91.007,Row(prediction=2),5.492151291,8,0
449,Astronaut In The Ocean,Masked Wolf,0.778,0.695,4,-6.865,0.0913,0,0.15,0.472,149.996,Row(prediction=4),5.492151291,8,0
450,Jail,Kanye West,0.458,0.571,4,-6.739,0.0949,0.000305,0.0846,0.586,110.013,Row(prediction=5),6.28103859,9,0
451,I Drink Wine,Adele,0.437,0.565,10,-5.596,0.0466,0,0.119,0.306,115.389,Row(prediction=6),6.28103859,9,0
452,Goodie Bag,Still Woozy,0.739,0.522,7,-12.304,0.151,0.00124,0.233,0.619,138.263,Row(prediction=6),3.423703732,9,0
453,Rockin' Around The Christmas Tree,Brenda Lee,0.589,0.472,8,-8.749,0.0502,0,0.505,0.898,67.196,Row(prediction=2),9.375197371,9,0
454,Hurricane,Kanye West,0.587,0.561,0,-6.569,0.146,0,0.109,0.351,80.009,Row(prediction=1),4.832468211,9,0
455,Knife Talk (with 21 Savage ft. Project Pat),Drake,0.849,0.424,5,-9.579,0.324,0,0.0834,0.153,145.887,Row(prediction=6),3.423703732,9,0
456,Billie Jean,Michael Jackson,0.92,0.654,11,-3.051,0.0401,0.0158,0.0359,0.847,117.046,Row(prediction=2),6.28103859,9,0
457,Feel Good Inc.,Gorillaz,0.818,0.705,6,-6.679,0.177,0.00233,0.613,0.772,138.559,Row(prediction=0),9.375197371,9,0
458,Cold Heart - PNAU Remix,Elton John,0.796,0.798,1,-6.312,0.0317,4.19E-05,0.0952,0.942,116.032,Row(prediction=3),9.375197371,9,0
459,Gold Digger,Kanye West,0.629,0.696,1,-5.572,0.348,0,0.0554,0.623,93.034,Row(prediction=5),4.565296499,9,0
460,Enemy (with JID) - from the series Arcane League of Legends,Imagine Dragons,0.728,0.783,11,-4.424,0.266,0,0.434,0.555,77.011,Row(prediction=2),9.375197371,9,0
461,THATS WHAT I WANT,Lil Nas X,0.737,0.846,1,-4.51,0.22,0,0.0486,0.546,87.981,Row(prediction=5),9.375197371,9,0
462,Smokin Out The Window,Bruno Mars,0.627,0.618,2,-8.529,0.0437,0,0.351,0.848,82.03,Row(prediction=5),9.375197371,9,0
463,Beautiful Mistakes (feat. Megan Thee Stallion),Maroon 5,0.713,0.676,10,-5.483,0.027,0,0.154,0.721,99.048,Row(prediction=2),6.28103859,9,0
464,Best Friend (feat. Doja Cat),Saweetie,0.84,0.766,4,-4.12,0.136,3.61E-06,0.0684,0.402,94.018,Row(prediction=5),9.375197371,9,0
465,I AM WOMAN,Emmy Meli,0.646,0.471,10,-9.247,0.157,0,0.125,0.455,170.084,Row(prediction=4),3.423703732,9,0
466,bad guy,Billie Eilish,0.701,0.425,7,-10.965,0.375,0.13,0.1,0.562,135.128,Row(prediction=6),3.423703732,9,0
467,It's Beginning to Look a Lot Like Christmas (with Mitchell Ayres & His Orchestra),Perry Como,0.724,0.276,7,-12.25,0.0599,0,0.116,0.718,112.874,Row(prediction=6),9.303773298,9,0
468,E-ER (feat. Lil Yachty),DJ Scheme,0.952,0.29,8,-11.459,0.428,0,0.107,0.394,130.083,Row(prediction=6),3.423703732,9,0
469,Champagne Poetry,Drake,0.423,0.667,6,-7.012,0.326,0,0.246,0.496,86.743,Row(prediction=2),9.375197371,9,0
470,Mood (feat. iann dior),24kGoldn,0.701,0.716,7,-3.671,0.0361,0,0.324,0.732,91.007,Row(prediction=2),9.375197371,9,0
471,She Knows (feat. Amber Coffman & Cults),J. Cole,0.766,0.74,1,-10.363,0.0807,0.0784,0.229,0.183,118.008,Row(prediction=1),4.832468211,9,0
472,Santa Claus Is Coming To Town,The Jackson 5,0.692,0.762,0,-4.867,0.0342,1.27E-05,0.181,0.961,146.673,Row(prediction=3),9.375197371,9,0
473,Always Forever,Cults,0.174,0.742,8,-5.93,0.0485,0.281,0.198,0.36,163.378,Row(prediction=4),0.01640236124,9,0
474,Drankin N Smokin,Future,0.752,0.658,0,-6.297,0.342,0,0.0927,0.387,151.951,Row(prediction=1),4.565296499,9,0
475,Have Mercy,Chlöe,0.903,0.535,9,-6.434,0.0742,0,0.345,0.508,130.022,Row(prediction=0),6.28103859,9,0
476,Fancy Like,Walker Hayes,0.649,0.76,1,-6.487,0.0574,0,0.317,0.843,80.018,Row(prediction=5),9.375197371,9,0
477,I Think I'm OKAY (with YUNGBLUD & Travis Barker),Machine Gun Kelly,0.628,0.744,7,-4.718,0.0379,0,0.313,0.277,119.921,Row(prediction=0),6.28103859,9,0
478,Doin' This,Luke Combs,0.593,0.552,1,-5.838,0.028,1.71E-05,0.11,0.39,115,Row(prediction=1),4.832468211,9,0
479,Está Dañada,Ivan Cornejo,0.405,0.565,1,-9.266,0.0372,0.0195,0.107,0.166,159.892,Row(prediction=1),4.832468211,9,0
480,Die For You,The Weeknd,0.582,0.525,1,-7.163,0.0627,0,0.134,0.51,133.249,Row(prediction=5),4.832468211,9,0
481,Holy Ground (Taylor's Version),Taylor Swift,0.622,0.809,9,-5.623,0.0638,0.00218,0.109,0.511,156.894,Row(prediction=4),6.28103859,9,0
482,Moth To A Flame (with The Weeknd),Swedish House Mafia,0.542,0.659,8,-7.289,0.0389,0,0.105,0.109,120.122,Row(prediction=6),6.28103859,9,0
483,enough for you,Olivia Rodrigo,0.638,0.259,7,-10.706,0.0898,0,0.219,0.269,88.485,Row(prediction=6),9.303773298,9,0
484,Dead To Me,Kali Uchis,0.675,0.761,4,-4.469,0.0466,0,0.102,0.428,119.001,Row(prediction=4),6.28103859,9,0
485,All Girls Are The Same,Juice WRLD,0.671,0.529,0,-7.226,0.307,0.000335,0.0856,0.203,161.989,Row(prediction=1),4.565296499,9,0
486,Have Yourself A Merry Little Christmas,Judy Garland,0.156,0.184,6,-14.82,0.0393,0.00458,0.26,0.107,180.887,Row(prediction=6),3.423703732,9,0
487,Enter Sandman (Remastered),Metallica,0.566,0.834,6,-8.412,0.0298,0.008,0.0625,0.621,123.296,Row(prediction=3),6.28103859,9,0
488,I GUESS I'M IN LOVE,Clinton Kane,0.422,0.34,0,-6.577,0.0351,1.77E-05,0.149,0.223,77.213,Row(prediction=7),4.832468211,9,0
489,Enchanted,Taylor Swift,0.455,0.623,8,-3.878,0.0288,0.000424,0.146,0.208,163.893,Row(prediction=4),6.28103859,9,0
490,Heat Waves,Glass Animals,0.761,0.525,11,-6.9,0.0944,6.7E-06,0.0921,0.531,80.87,Row(prediction=2),6.28103859,9,0
491,"Who Want Smoke?? (feat. G Herbo, Lil Durk & 21 Savage)",Nardo Wick,0.739,0.74,5,-5.86,0.333,0,0.161,0.488,75.575,Row(prediction=2),9.375197371,9,0
492,Can I Get It,Adele,0.703,0.68,9,-6.118,0.0431,0,0.178,0.536,97.985,Row(prediction=2),6.28103859,9,0
493,Está Dañada,Ivan Cornejo,0.405,0.565,1,-9.266,0.0372,0.0195,0.107,0.166,159.892,Row(prediction=1),4.832468211,9,0
494,Juliet,Cavetown,0.546,0.586,6,-8.488,0.0313,0.00114,0.0562,0.364,131.778,Row(prediction=4),6.28103859,9,0
495,After Party,Don Toliver,0.629,0.692,5,-8.045,0.0376,0.331,0.603,0.453,162.948,Row(prediction=0),0.1606649064,9,0
496,Ghost,Justin Bieber,0.601,0.741,2,-5.569,0.0478,2.91E-05,0.415,0.441,153.96,Row(prediction=1),4.832468211,9,0
497,Let It Snow! Let It Snow! Let It Snow!,Dean Martin,0.451,0.24,1,-14.014,0.0351,2.45E-06,0.175,0.701,134.009,Row(prediction=5),9.303773298,9,0
498,Grenade,Bruno Mars,0.704,0.558,2,-7.273,0.0542,0,0.107,0.245,110.444,Row(prediction=7),4.832468211,9,0
499,EVERY CHANCE I GET (feat. Lil Baby & Lil Durk),DJ Khaled,0.477,0.727,2,-4.053,0.286,0,0.108,0.227,150.062,Row(prediction=1),4.565296499,9,0