,Unnamed: 0,name,artist,dancibility,energy,key,loudness,speechiness,instrumentalness,liveness,valence,tempo,prediction
478,478,Stuck with U (with Justin Bieber),Ariana Grande,0.597,0.45,8,-6.658,0.0418,0.0,0.382,0.537,178.765,Row(prediction=0)
188,188,Can I Call You Tonight?,Dayglow,0.6409999999999999,0.8420000000000001,9,-7.27,0.0292,0.91,0.419,0.5,129.98,Row(prediction=0)
265,265,Feel Good Inc.,Gorillaz,0.818,0.705,6,-6.6789999999999985,0.177,0.00233,0.613,0.772,138.559,Row(prediction=0)
53,53,Way 2 Sexy (with Future & Young Thug),Drake,0.8029999999999999,0.597,11,-6.035,0.141,4.5e-06,0.32299999999999995,0.331,136.00799999999998,Row(prediction=0)
347,347,Have Mercy,Chlöe,0.903,0.535,9,-6.434,0.0742,0.0,0.345,0.508,130.02200000000002,Row(prediction=0)
181,181,Congratulations,Post Malone,0.63,0.804,6,-4.183,0.0363,0.0,0.253,0.4920000000000001,123.146,Row(prediction=0)
125,125,MONTERO (Call Me By Your Name),Lil Nas X,0.593,0.503,8,-6.725,0.22,0.0,0.405,0.71,178.78099999999995,Row(prediction=0)
175,175,Christmas Tree Farm,Taylor Swift,0.599,0.6809999999999999,7,-4.5,0.0331,0.0,0.324,0.453,133.995,Row(prediction=0)
413,413,I Saw Mommy Kissing Santa Claus,The Jackson 5,0.583,0.7120000000000001,3,-8.222000000000001,0.0538,1.02e-06,0.8170000000000001,0.614,128.89700000000002,Row(prediction=0)
444,444,Jealous,Eyedress,0.474,0.91,9,-10.431,0.0462,0.8590000000000001,0.476,0.745,93.01,Row(prediction=0)
170,170,MONTERO (Call Me By Your Name),Lil Nas X,0.593,0.503,8,-6.725,0.22,0.0,0.405,0.71,178.78099999999995,Row(prediction=0)
341,341,Happy Xmas (War Is Over) - Remastered 2010,John Lennon,0.321,0.64,2,-10.023,0.0324,0.0,0.718,0.414,146.172,Row(prediction=0)
168,168,Way 2 Sexy (with Future & Young Thug),Drake,0.8029999999999999,0.597,11,-6.035,0.141,4.5e-06,0.32299999999999995,0.331,136.00799999999998,Row(prediction=0)
136,136,Break from Toronto,PARTYNEXTDOOR,0.596,0.6779999999999999,9,-5.18,0.0335,0.004,0.418,0.259,117.066,Row(prediction=0)
44,44,Don't Stop Believin',Journey,0.5,0.748,4,-9.072,0.0363,0.0,0.447,0.514,118.852,Row(prediction=0)
302,302,abcdefu,GAYLE,0.695,0.54,4,-5.692,0.0493,0.0,0.3670000000000001,0.415,121.932,Row(prediction=0)
305,305,Ghost Town,Kanye West,0.573,0.545,7,-4.247,0.0288,0.0,0.329,0.297,83.37799999999999,Row(prediction=0)
307,307,GO (feat. Juice WRLD),The Kid LAROI,0.487,0.74,6,-4.973,0.0944,0.0,0.612,0.522,73.779,Row(prediction=0)
422,422,I Think I'm OKAY (with YUNGBLUD & Travis Barker),Machine Gun Kelly,0.628,0.7440000000000001,7,-4.718,0.0379,0.0,0.313,0.277,119.921,Row(prediction=0)
52,52,abcdefu,GAYLE,0.695,0.54,4,-5.692,0.0493,0.0,0.3670000000000001,0.415,121.932,Row(prediction=0)
24,24,Lucid Dreams,Juice WRLD,0.511,0.5660000000000001,6,-7.23,0.2,0.0,0.34,0.218,83.90299999999998,Row(prediction=0)
264,264,Flashing Lights,Kanye West,0.639,0.628,6,-7.5779999999999985,0.0399,0.0,0.386,0.43,90.482,Row(prediction=0)
267,267,Father Stretch My Hands Pt. 1,Kanye West,0.7240000000000001,0.573,7,-4.113,0.0549,0.0,0.5379999999999999,0.438,113.088,Row(prediction=0)
21,21,Dior,Pop Smoke,0.5479999999999999,0.805,7,-5.732,0.35100000000000003,0.000389,0.408,0.648,142.094,Row(prediction=0)
373,373,Washing Machine Heart,Mitski,0.613,0.8220000000000001,9,-4.087,0.026,0.506,0.429,0.5670000000000001,105.997,Row(prediction=0)
474,474,Nuketown (feat. Juice WRLD),Ski Mask The Slump God,0.8079999999999999,0.617,10,-9.32,0.442,0.0,0.7340000000000001,0.632,149.96200000000005,Row(prediction=0)
217,217,EARFQUAKE,"Tyler, The Creator",0.5539999999999999,0.498,9,-8.866,0.0685,5.98e-06,0.795,0.413,79.635,Row(prediction=0)
472,472,GO (feat. Juice WRLD),The Kid LAROI,0.487,0.74,6,-4.973,0.0944,0.0,0.612,0.522,73.779,Row(prediction=0)
8,8,Way 2 Sexy (with Future & Young Thug),Drake,0.8029999999999999,0.597,11,-6.035,0.141,4.5e-06,0.32299999999999995,0.331,136.00799999999998,Row(prediction=0)
209,209,Electric Love,BØRNS,0.611,0.797,6,-7.627000000000002,0.0533,0.00137,0.26,0.518,120.041,Row(prediction=0)
364,364,Hello (feat. A Boogie Wit da Hoodie),Pop Smoke,0.905,0.647,10,-5.065,0.107,0.0,0.282,0.3670000000000001,130.97,Row(prediction=0)
311,311,God's Plan,Drake,0.754,0.449,7,-9.211,0.109,8.290000000000001e-05,0.552,0.35700000000000004,77.169,Row(prediction=0)
71,71,After Party,Don Toliver,0.629,0.6920000000000001,5,-8.045,0.0376,0.331,0.603,0.453,162.94799999999995,Row(prediction=0)
350,350,hot girl bummer,blackbear,0.782,0.5589999999999999,6,-7.106,0.0767,0.0,0.385,0.685,129.99200000000002,Row(prediction=0)
15,15,death bed (coffee for your head),Powfu,0.726,0.431,8,-8.765,0.135,0.0,0.696,0.348,144.026,Row(prediction=0)
114,114,Way 2 Sexy (with Future & Young Thug),Drake,0.8029999999999999,0.597,11,-6.035,0.141,4.5e-06,0.32299999999999995,0.331,136.00799999999998,Row(prediction=0)
200,200,Way 2 Sexy (with Future & Young Thug),Drake,0.8029999999999999,0.597,11,-6.035,0.141,4.5e-06,0.32299999999999995,0.331,136.00799999999998,Row(prediction=0)
354,354,Headshot (feat. Polo G & Fivio Foreign),Lil Tjay,0.8079999999999999,0.639,1,-7.266,0.279,0.0,0.15,0.395,118.0,Row(prediction=1)
143,143,family ties (with Kendrick Lamar),Baby Keem,0.711,0.611,1,-5.4529999999999985,0.329,0.0,0.231,0.14400000000000002,134.14,Row(prediction=1)
92,92,She Knows (feat. Amber Coffman & Cults),J. Cole,0.7659999999999999,0.74,1,-10.363,0.0807,0.0784,0.229,0.183,118.008,Row(prediction=1)
319,319,Drip Too Hard (Lil Baby & Gunna),Lil Baby,0.897,0.662,1,-6.903,0.292,0.0,0.534,0.389,112.511,Row(prediction=1)
351,351,HUMBLE.,Kendrick Lamar,0.908,0.621,1,-6.638,0.102,5.39e-05,0.0958,0.421,150.011,Row(prediction=1)
324,324,Got It On Me,Pop Smoke,0.688,0.647,2,-7.257999999999999,0.19,1.65e-05,0.095,0.195,88.834,Row(prediction=1)
369,369,Drip Too Hard (Lil Baby & Gunna),Lil Baby,0.897,0.662,1,-6.903,0.292,0.0,0.534,0.389,112.511,Row(prediction=1)
97,97,Antarctica,$uicideboy$,0.715,0.633,2,-6.869,0.0804,4.45e-06,0.0905,0.319,105.945,Row(prediction=1)
326,326,GOSHA,$NOT,0.847,0.448,0,-10.14,0.416,1.35e-05,0.325,0.488,79.975,Row(prediction=1)
336,336,Happier Than Ever - Edit,Billie Eilish,0.334,0.599,0,-5.742000000000001,0.0365,0.000392,0.205,0.127,161.74,Row(prediction=1)
338,338,Hurricane,Kanye West,0.5870000000000001,0.561,0,-6.569,0.146,0.0,0.109,0.35100000000000003,80.009,Row(prediction=1)
116,116,Wants and Needs (feat. Lil Baby),Drake,0.578,0.449,1,-6.349,0.28600000000000003,2.17e-06,0.119,0.1,136.006,Row(prediction=1)
346,346,Need to Know,Doja Cat,0.664,0.609,1,-6.509,0.0707,0.0,0.0926,0.194,130.041,Row(prediction=1)
103,103,Blinding Lights,The Weeknd,0.514,0.73,1,-5.934,0.0598,9.54e-05,0.0897,0.334,171.005,Row(prediction=1)
126,126,Bound 2,Kanye West,0.3670000000000001,0.665,1,-2.821,0.0465,0.0,0.113,0.31,148.91299999999995,Row(prediction=1)
363,363,The Hills,The Weeknd,0.585,0.564,0,-7.063,0.0515,0.0,0.135,0.13699999999999998,113.003,Row(prediction=1)
343,343,Hold On,Adele,0.366,0.364,0,-7.814,0.0433,1.15e-05,0.165,0.459,165.90200000000004,Row(prediction=1)
98,98,Always Been You,Jessie Murph,0.655,0.5720000000000001,3,-7.666,0.0535,1.81e-06,0.0774,0.403,137.12,Row(prediction=1)
291,291,Ghost,Justin Bieber,0.601,0.741,2,-5.569,0.0478,2.9100000000000006e-05,0.415,0.441,153.96,Row(prediction=1)
308,308,"Gravity (feat. Tyler, The Creator)",Brent Faiyaz,0.539,0.615,1,-8.746,0.252,0.0056,0.14400000000000002,0.493,163.924,Row(prediction=1)
226,226,She Knows (feat. Amber Coffman & Cults),J. Cole,0.7659999999999999,0.74,1,-10.363,0.0807,0.0784,0.229,0.183,118.008,Row(prediction=1)
230,230,p r i d e . i s . t h e . d e v i l (with Lil Baby),J. Cole,0.861,0.6559999999999999,4,-7.867000000000001,0.425,0.0,0.0986,0.331,88.96700000000001,Row(prediction=1)
232,232,Sharing Locations (feat. Lil Baby & Lil Durk),Meek Mill,0.6809999999999999,0.63,1,-5.585,0.0385,0.0,0.139,0.183,151.951,Row(prediction=1)
213,213,EVERY CHANCE I GET (feat. Lil Baby & Lil Durk),DJ Khaled,0.477,0.727,2,-4.053,0.28600000000000003,0.0,0.108,0.227,150.062,Row(prediction=1)
212,212,Peaches (feat. Daniel Caesar & Giveon),Justin Bieber,0.677,0.696,0,-6.181,0.119,0.0,0.42,0.464,90.03,Row(prediction=1)
208,208,Martin & Gina,Polo G,0.8320000000000001,0.534,1,-7.813,0.253,0.0,0.165,0.116,93.924,Row(prediction=1)
207,207,Está Dañada,Ivan Cornejo,0.405,0.565,1,-9.266,0.0372,0.0195,0.107,0.166,159.892,Row(prediction=1)
204,204,Wants and Needs (feat. Lil Baby),Drake,0.578,0.449,1,-6.349,0.28600000000000003,2.17e-06,0.119,0.1,136.006,Row(prediction=1)
241,241,Element,Pop Smoke,0.772,0.878,2,-4.22,0.324,2.18e-06,0.251,0.305,61.31100000000001,Row(prediction=1)
247,247,Ramen & OJ,Joyner Lucas,0.597,0.5710000000000001,1,-6.205,0.293,0.0,0.093,0.165,106.196,Row(prediction=1)
250,250,Fair Trade (with Travis Scott),Drake,0.6659999999999999,0.465,1,-8.545,0.26,0.0,0.215,0.292,167.937,Row(prediction=1)
251,251,family ties (with Kendrick Lamar),Baby Keem,0.711,0.611,1,-5.4529999999999985,0.329,0.0,0.231,0.14400000000000002,134.14,Row(prediction=1)
256,256,Fuck Love (feat. Trippie Redd),XXXTENTACION,0.797,0.5329999999999999,0,-9.74,0.0412,0.000152,0.103,0.329,131.036,Row(prediction=1)
259,259,Fell In Luv (feat. Bryson Tiller),Playboi Carti,0.657,0.6679999999999999,2,-6.207999999999998,0.136,0.0,0.32,0.227,162.997,Row(prediction=1)
274,274,First Love / Late Spring,Mitski,0.445,0.5429999999999999,0,-8.196,0.0272,0.0137,0.202,0.102,99.963,Row(prediction=1)
275,275,Freestyle,Lil Baby,0.877,0.517,2,-5.426,0.0706,0.0,0.14300000000000002,0.255,119.996,Row(prediction=1)
178,178,She Knows (feat. Amber Coffman & Cults),J. Cole,0.7659999999999999,0.74,1,-10.363,0.0807,0.0784,0.229,0.183,118.008,Row(prediction=1)
176,176,Peaches (feat. Daniel Caesar & Giveon),Justin Bieber,0.677,0.696,0,-6.181,0.119,0.0,0.42,0.464,90.03,Row(prediction=1)
286,286,Good Days,SZA,0.436,0.655,1,-8.37,0.0583,8.1e-06,0.688,0.412,121.002,Row(prediction=1)
171,171,Cigarette Daydreams,Cage The Elephant,0.636,0.6759999999999999,2,-3.442,0.0263,0.0,0.0831,0.273,113.98,Row(prediction=1)
287,287,Praise God,Kanye West,0.7979999999999999,0.545,1,-6.466,0.168,9.48e-05,0.258,0.212,118.029,Row(prediction=1)
288,288,GHOST TOWN,Benson Boone,0.391,0.335,0,-10.064,0.0763,0.0,0.102,0.116,174.185,Row(prediction=1)
165,165,Need to Know,Doja Cat,0.664,0.609,1,-6.509,0.0707,0.0,0.0926,0.194,130.041,Row(prediction=1)
90,90,Peaches (feat. Daniel Caesar & Giveon),Justin Bieber,0.677,0.696,0,-6.181,0.119,0.0,0.42,0.464,90.03,Row(prediction=1)
298,298,Martin & Gina,Polo G,0.8320000000000001,0.534,1,-7.813,0.253,0.0,0.165,0.116,93.924,Row(prediction=1)
300,300,All Girls Are The Same,Juice WRLD,0.6709999999999999,0.529,0,-7.226,0.307,0.000335,0.0856,0.203,161.989,Row(prediction=1)
304,304,Peaches (feat. Daniel Caesar & Giveon),Justin Bieber,0.677,0.696,0,-6.181,0.119,0.0,0.42,0.464,90.03,Row(prediction=1)
146,146,Beware,Big Sean,0.7,0.5539999999999999,1,-5.909,0.187,1.36e-06,0.419,0.0633,97.127,Row(prediction=1)
374,374,Hot (feat. Moneybagg Yo),Meek Mill,0.773,0.623,2,-5.267,0.196,0.0,0.133,0.13,153.1,Row(prediction=1)
222,222,Drip Too Hard (Lil Baby & Gunna),Lil Baby,0.897,0.662,1,-6.903,0.292,0.0,0.534,0.389,112.511,Row(prediction=1)
9,9,Drip Too Hard (Lil Baby & Gunna),Lil Baby,0.897,0.662,1,-6.903,0.292,0.0,0.534,0.389,112.511,Row(prediction=1)
59,59,All Girls Are The Same,Juice WRLD,0.6709999999999999,0.529,0,-7.226,0.307,0.000335,0.0856,0.203,161.989,Row(prediction=1)
58,58,All Too Well (Taylor's Version),Taylor Swift,0.44,0.528,0,-7.809,0.0317,0.00203,0.234,0.132,185.972,Row(prediction=1)
421,421,Está Dañada,Ivan Cornejo,0.405,0.565,1,-9.266,0.0372,0.0195,0.107,0.166,159.892,Row(prediction=1)
425,425,In the End,Linkin Park,0.556,0.8640000000000001,3,-5.87,0.0584,0.0,0.209,0.4,105.143,Row(prediction=1)
427,427,I Wonder,Kanye West,0.542,0.466,0,-8.665,0.0831,0.000445,0.125,0.124,191.385,Row(prediction=1)
46,46,DNA.,Kendrick Lamar,0.638,0.523,1,-6.664,0.35700000000000004,0.0,0.0842,0.422,139.91299999999998,Row(prediction=1)
434,434,Jocelyn Flores,XXXTENTACION,0.872,0.391,0,-9.144,0.242,4.13e-06,0.297,0.4370000000000001,134.02100000000002,Row(prediction=1)
34,34,Doin' This,Luke Combs,0.593,0.552,1,-5.837999999999999,0.028,1.7100000000000002e-05,0.11,0.39,115.0,Row(prediction=1)
31,31,Peaches (feat. Daniel Caesar & Giveon),Justin Bieber,0.677,0.696,0,-6.181,0.119,0.0,0.42,0.464,90.03,Row(prediction=1)
29,29,Fair Trade (with Travis Scott),Drake,0.6659999999999999,0.465,1,-8.545,0.26,0.0,0.215,0.292,167.937,Row(prediction=1)
28,28,Drankin N Smokin,Future,0.752,0.6579999999999999,0,-6.2970000000000015,0.342,0.0,0.0927,0.387,151.951,Row(prediction=1)
27,27,Está Dañada,Ivan Cornejo,0.405,0.565,1,-9.266,0.0372,0.0195,0.107,0.166,159.892,Row(prediction=1)
10,10,Do They Know It's Christmas? - 1984 Version,Band Aid,0.599,0.642,0,-6.936,0.0363,3.33e-05,0.0992,0.349,115.412,Row(prediction=1)
12,12,Need to Know,Doja Cat,0.664,0.609,1,-6.509,0.0707,0.0,0.0926,0.194,130.041,Row(prediction=1)
463,463,Peaches (feat. Daniel Caesar & Giveon),Justin Bieber,0.677,0.696,0,-6.181,0.119,0.0,0.42,0.464,90.03,Row(prediction=1)
412,412,No Friends In The Industry,Drake,0.84,0.7440000000000001,1,-4.751,0.113,0.0,0.629,0.171,83.73700000000002,Row(prediction=1)
72,72,Wants and Needs (feat. Lil Baby),Drake,0.578,0.449,1,-6.349,0.28600000000000003,2.17e-06,0.119,0.1,136.006,Row(prediction=1)
14,14,Good Days,SZA,0.436,0.655,1,-8.37,0.0583,8.1e-06,0.688,0.412,121.002,Row(prediction=1)
79,79,Martin & Gina,Polo G,0.8320000000000001,0.534,1,-7.813,0.253,0.0,0.165,0.116,93.924,Row(prediction=1)
3,3,deja vu,Olivia Rodrigo,0.442,0.612,2,-7.222,0.112,5.7000000000000005e-06,0.37,0.17800000000000002,180.917,Row(prediction=1)
83,83,a lot,21 Savage,0.8370000000000001,0.636,1,-7.643,0.086,0.00125,0.342,0.274,145.972,Row(prediction=1)
106,106,Bad Habits,Ed Sheeran,0.807,0.893,11,-3.745,0.0347,2.79e-05,0.366,0.537,126.011,Row(prediction=2)
282,282,Get Into It (Yuh),Doja Cat,0.912,0.655,8,-6.029,0.162,3.39e-05,0.0894,0.7929999999999999,91.942,Row(prediction=2)
173,173,Chasin' You,Morgan Wallen,0.631,0.591,7,-5.785,0.0277,0.0,0.11,0.489,97.074,Row(prediction=2)
388,388,Get Into It (Yuh),Doja Cat,0.912,0.655,8,-6.029,0.162,3.39e-05,0.0894,0.7929999999999999,91.942,Row(prediction=2)
35,35,Bubbly (with Drake & Travis Scott),Young Thug,0.91,0.585,11,-7.572,0.257,0.0,0.127,0.599,129.011,Row(prediction=2)
443,443,INDUSTRY BABY (feat. Jack Harlow),Lil Nas X,0.741,0.691,10,-7.395,0.0672,0.0,0.0476,0.892,150.08700000000005,Row(prediction=2)
438,438,Joy To The World,Nat King Cole,0.5529999999999999,0.337,10,-10.334,0.03,0.0,0.113,0.662,101.918,Row(prediction=2)
39,39,Enemy (with JID) - from the series Arcane League of Legends,Imagine Dragons,0.728,0.7829999999999999,11,-4.424,0.266,0.0,0.434,0.555,77.01100000000002,Row(prediction=2)
167,167,Collard Greens,ScHoolboy Q,0.825,0.575,11,-4.87,0.0633,9.94e-06,0.205,0.65,153.954,Row(prediction=2)
437,437,Enemy (with JID) - from the series Arcane League of Legends,Imagine Dragons,0.728,0.7829999999999999,11,-4.424,0.266,0.0,0.434,0.555,77.01100000000002,Row(prediction=2)
435,435,"jealousy, jealousy",Olivia Rodrigo,0.695,0.575,10,-6.334,0.116,0.0,0.0614,0.6990000000000001,163.929,Row(prediction=2)
290,290,Can I Get It,Adele,0.703,0.68,9,-6.1179999999999986,0.0431,0.0,0.17800000000000002,0.536,97.985,Row(prediction=2)
96,96,Bubbly (with Drake & Travis Scott),Young Thug,0.91,0.585,11,-7.572,0.257,0.0,0.127,0.599,129.011,Row(prediction=2)
292,292,Godzilla (feat. Juice WRLD),Eminem,0.8079999999999999,0.745,10,-5.26,0.342,0.0,0.292,0.8290000000000001,165.995,Row(prediction=2)
296,296,"Who Want Smoke?? (feat. G Herbo, Lil Durk & 21 Savage)",Nardo Wick,0.7390000000000001,0.74,5,-5.86,0.333,0.0,0.161,0.488,75.575,Row(prediction=2)
160,160,Champagne Poetry,Drake,0.423,0.667,6,-7.0120000000000005,0.326,0.0,0.246,0.496,86.743,Row(prediction=2)
43,43,Heat Waves,Glass Animals,0.7609999999999999,0.525,11,-6.9,0.0944,6.7e-06,0.0921,0.531,80.87,Row(prediction=2)
299,299,"GONE, GONE / THANK YOU","Tyler, The Creator",0.518,0.4920000000000001,10,-8.436,0.193,0.0012,0.146,0.471,78.848,Row(prediction=2)
45,45,Mood (feat. iann dior),24kGoldn,0.701,0.716,7,-3.671,0.0361,0.0,0.324,0.732,91.007,Row(prediction=2)
446,446,Just the Two of Us (feat. Bill Withers),"Grover Washington, Jr.",0.7490000000000001,0.4970000000000001,10,-12.609000000000002,0.105,0.0499,0.0504,0.585,95.818,Row(prediction=2)
450,450,Godzilla (feat. Juice WRLD),Eminem,0.8079999999999999,0.745,10,-5.26,0.342,0.0,0.292,0.8290000000000001,165.995,Row(prediction=2)
211,211,Everybody Dies In Their Nightmares,XXXTENTACION,0.7340000000000001,0.57,7,-7.066,0.133,2.14e-05,0.112,0.6890000000000001,129.953,Row(prediction=2)
80,80,Alien Blues,Vundabar,0.464,0.682,10,-8.541,0.033,0.8320000000000001,0.0856,0.455,80.062,Row(prediction=2)
467,467,No Role Modelz,J. Cole,0.6920000000000001,0.521,10,-8.465,0.33,0.0,0.0565,0.463,100.45,Row(prediction=2)
244,244,El Tóxico,Grupo Firme,0.626,0.503,10,-5.087,0.141,0.0,0.234,0.821,72.985,Row(prediction=2)
377,377,2055,Sleepy Hallow,0.8290000000000001,0.512,6,-5.865,0.187,0.0,0.12,0.638,80.51100000000002,Row(prediction=2)
236,236,Armed And Dangerous,Juice WRLD,0.736,0.67,10,-6.702000000000001,0.311,0.0,0.114,0.845,130.032,Row(prediction=2)
18,18,"Who Want Smoke?? (feat. G Herbo, Lil Durk & 21 Savage)",Nardo Wick,0.7390000000000001,0.74,5,-5.86,0.333,0.0,0.161,0.488,75.575,Row(prediction=2)
206,206,"Who Want Smoke?? (feat. G Herbo, Lil Durk & 21 Savage)",Nardo Wick,0.7390000000000001,0.74,5,-5.86,0.333,0.0,0.161,0.488,75.575,Row(prediction=2)
386,386,Can I Get It,Adele,0.703,0.68,9,-6.1179999999999986,0.0431,0.0,0.17800000000000002,0.536,97.985,Row(prediction=2)
468,468,Billie Jean,Michael Jackson,0.92,0.654,11,-3.051,0.0401,0.0158,0.0359,0.847,117.046,Row(prediction=2)
192,192,Closer,The Chainsmokers,0.748,0.524,8,-5.599,0.0338,0.0,0.111,0.6609999999999999,95.01,Row(prediction=2)
177,177,Chamber Of Reflection,Mac DeMarco,0.5379999999999999,0.557,11,-8.677999999999999,0.0914,0.914,0.102,0.506,131.03,Row(prediction=2)
84,84,Heat Waves,Glass Animals,0.7609999999999999,0.525,11,-6.9,0.0944,6.7e-06,0.0921,0.531,80.87,Row(prediction=2)
189,189,Wonderful Christmastime - Edited Version / Remastered 2011,Paul McCartney,0.774,0.511,11,-8.914,0.0319,0.0,0.0672,0.7709999999999999,94.736,Row(prediction=2)
453,453,JUGGERNAUT (feat. Lil Uzi Vert & Pharrell Williams),"Tyler, The Creator",0.8270000000000001,0.5710000000000001,11,-7.949,0.366,0.0,0.166,0.62,142.034,Row(prediction=2)
452,452,Leave Before You Love Me (with Jonas Brothers),Marshmello,0.721,0.738,7,-4.77,0.0403,4.41e-06,0.118,0.637,119.976,Row(prediction=2)
266,266,Feathered Indians,Tyler Childers,0.536,0.574,7,-6.705,0.0254,0.00277,0.105,0.877,87.194,Row(prediction=2)
269,269,Face Off,Tech N9ne,0.693,0.935,8,-4.323,0.224,0.0,0.179,0.391,80.882,Row(prediction=2)
82,82,A-O-K,Tai Verdes,0.731,0.626,11,-6.919,0.0805,0.0,0.183,0.862,82.488,Row(prediction=2)
93,93,All The Stars (with SZA),Kendrick Lamar,0.698,0.633,8,-4.9460000000000015,0.0597,0.000194,0.0926,0.552,96.924,Row(prediction=2)
234,234,Rich MF (feat. Polo G & Lil Durk),Trippie Redd,0.7559999999999999,0.698,6,-5.464,0.17800000000000002,0.0,0.221,0.66,77.497,Row(prediction=2)
277,277,Faucet Failure,Ski Mask The Slump God,0.935,0.552,10,-9.373,0.335,0.0,0.0952,0.615,99.993,Row(prediction=2)
23,23,Don't Be Shy,Tiësto,0.77,0.787,11,-3.748,0.0583,0.0,0.262,0.513,119.986,Row(prediction=2)
155,155,Cry Your Heart Out,Adele,0.7559999999999999,0.713,7,-6.917000000000002,0.102,3.35e-06,0.248,0.59,125.064,Row(prediction=2)
383,383,I Love You So,The Walters,0.575,0.648,10,-4.891,0.0358,0.0,0.115,0.466,75.977,Row(prediction=2)
48,48,Kiss Me More (feat. SZA),Doja Cat,0.762,0.701,8,-3.5410000000000004,0.0286,0.00015800000000000002,0.123,0.742,110.968,Row(prediction=2)
414,414,INDUSTRY BABY (feat. Jack Harlow),Lil Nas X,0.741,0.691,10,-7.395,0.0672,0.0,0.0476,0.892,150.08700000000005,Row(prediction=2)
65,65,Are You Bored Yet? (feat. Clairo),Wallows,0.682,0.6829999999999999,8,-6.444,0.0287,2.32e-05,0.273,0.64,120.023,Row(prediction=2)
66,66,Enemy (with JID) - from the series Arcane League of Legends,Imagine Dragons,0.728,0.7829999999999999,11,-4.424,0.266,0.0,0.434,0.555,77.01100000000002,Row(prediction=2)
124,124,Beautiful Mistakes (feat. Megan Thee Stallion),Maroon 5,0.713,0.6759999999999999,10,-5.483,0.027000000000000003,0.0,0.154,0.721,99.048,Row(prediction=2)
345,345,Heartless,Kanye West,0.79,0.647,10,-5.983,0.136,0.0,0.248,0.654,87.999,Row(prediction=2)
68,68,Armed And Dangerous,Juice WRLD,0.736,0.67,10,-6.702000000000001,0.311,0.0,0.114,0.845,130.032,Row(prediction=2)
469,469,Jack & Diane,John Mellencamp,0.8109999999999999,0.41,9,-8.214,0.0391,6.63e-06,0.0799,0.626,103.965,Row(prediction=2)
119,119,Butter,BTS,0.759,0.459,8,-5.187,0.0948,0.0,0.0906,0.695,109.997,Row(prediction=2)
118,118,Rockin' Around The Christmas Tree,Brenda Lee,0.589,0.472,8,-8.749,0.0502,0.0,0.505,0.898,67.196,Row(prediction=2)
339,339,"Who Want Smoke?? (feat. G Herbo, Lil Durk & 21 Savage)",Nardo Wick,0.7390000000000001,0.74,5,-5.86,0.333,0.0,0.161,0.488,75.575,Row(prediction=2)
348,348,Heat Waves,Glass Animals,0.7609999999999999,0.525,11,-6.9,0.0944,6.7e-06,0.0921,0.531,80.87,Row(prediction=2)
397,397,Do It To It,ACRAZE,0.8540000000000001,0.8059999999999999,11,-8.262,0.0886,0.0542,0.0703,0.637,124.927,Row(prediction=2)
401,401,It Was A Good Day,Ice Cube,0.7979999999999999,0.7440000000000001,7,-5.3279999999999985,0.136,0.000106,0.292,0.794,82.35600000000002,Row(prediction=2)
74,74,"Who Want Smoke?? (feat. G Herbo, Lil Durk & 21 Savage)",Nardo Wick,0.7390000000000001,0.74,5,-5.86,0.333,0.0,0.161,0.488,75.575,Row(prediction=2)
75,75,Adore You,Harry Styles,0.6759999999999999,0.7709999999999999,8,-3.675,0.0483,7.000000000000001e-06,0.102,0.569,99.048,Row(prediction=2)
221,221,Everything Has Changed (feat. Ed Sheeran) (Taylor’s Version),Taylor Swift,0.498,0.61,6,-5.098,0.0363,0.0,0.223,0.474,79.918,Row(prediction=2)
356,356,Happy Holiday / The Holiday Season,Andy Williams,0.505,0.451,9,-10.193,0.0329,0.0,0.233,0.7440000000000001,74.347,Row(prediction=2)
473,473,Juicy - 2005 Remaster,The Notorious B.I.G.,0.889,0.818,9,-4.6389999999999985,0.253,0.0,0.179,0.782,96.063,Row(prediction=2)
359,359,INDUSTRY BABY (feat. Jack Harlow),Lil Nas X,0.741,0.691,10,-7.395,0.0672,0.0,0.0476,0.892,150.08700000000005,Row(prediction=2)
107,107,Bubbly (with Drake & Travis Scott),Young Thug,0.91,0.585,11,-7.572,0.257,0.0,0.127,0.599,129.011,Row(prediction=2)
406,406,Sweater Weather,The Neighbourhood,0.612,0.807,10,-2.81,0.0336,0.0177,0.101,0.398,124.053,Row(prediction=2)
418,418,Mood (feat. iann dior),24kGoldn,0.701,0.716,7,-3.671,0.0361,0.0,0.324,0.732,91.007,Row(prediction=2)
355,355,Cry Your Heart Out,Adele,0.7559999999999999,0.713,7,-6.917000000000002,0.102,3.35e-06,0.248,0.59,125.064,Row(prediction=2)
337,337,Bad Habits,Ed Sheeran,0.807,0.893,11,-3.745,0.0347,2.79e-05,0.366,0.537,126.011,Row(prediction=2)
152,152,Can I Get It,Adele,0.703,0.68,9,-6.1179999999999986,0.0431,0.0,0.17800000000000002,0.536,97.985,Row(prediction=2)
151,151,Rockin' Around The Christmas Tree,Brenda Lee,0.589,0.472,8,-8.749,0.0502,0.0,0.505,0.898,67.196,Row(prediction=2)
428,428,Everybody Dies In Their Nightmares,XXXTENTACION,0.7340000000000001,0.57,7,-7.066,0.133,2.14e-05,0.112,0.6890000000000001,129.953,Row(prediction=2)
309,309,Heat Waves,Glass Animals,0.7609999999999999,0.525,11,-6.9,0.0944,6.7e-06,0.0921,0.531,80.87,Row(prediction=2)
147,147,Leave Before You Love Me (with Jonas Brothers),Marshmello,0.721,0.738,7,-4.77,0.0403,4.41e-06,0.118,0.637,119.976,Row(prediction=2)
367,367,Heat Waves,Glass Animals,0.7609999999999999,0.525,11,-6.9,0.0944,6.7e-06,0.0921,0.531,80.87,Row(prediction=2)
424,424,Rolling in the Deep,Adele,0.73,0.769,8,-5.114,0.0298,0.0,0.0473,0.507,104.948,Row(prediction=2)
201,201,Enemy (with JID) - from the series Arcane League of Legends,Imagine Dragons,0.728,0.7829999999999999,11,-4.424,0.266,0.0,0.434,0.555,77.01100000000002,Row(prediction=2)
55,55,Rockin' Around The Christmas Tree,Brenda Lee,0.589,0.472,8,-8.749,0.0502,0.0,0.505,0.898,67.196,Row(prediction=2)
7,7,Do It To It,ACRAZE,0.8540000000000001,0.8059999999999999,11,-8.262,0.0886,0.0542,0.0703,0.637,124.927,Row(prediction=2)
141,141,INDUSTRY BABY (feat. Jack Harlow),Lil Nas X,0.741,0.691,10,-7.395,0.0672,0.0,0.0476,0.892,150.08700000000005,Row(prediction=2)
227,227,Everybody Wants To Rule The World,Tears For Fears,0.645,0.795,7,-12.095,0.0527,0.00389,0.104,0.535,112.067,Row(prediction=2)
139,139,Believer,Imagine Dragons,0.7759999999999999,0.78,10,-4.374,0.128,0.0,0.081,0.6659999999999999,124.949,Row(prediction=2)
323,323,Collard Greens,ScHoolboy Q,0.825,0.575,11,-4.87,0.0633,9.94e-06,0.205,0.65,153.954,Row(prediction=2)
101,101,Beggin',Måneskin,0.7140000000000001,0.8,11,-4.808,0.0504,0.0,0.359,0.589,134.002,Row(prediction=2)
390,390,Enemy (with JID) - from the series Arcane League of Legends,Imagine Dragons,0.728,0.7829999999999999,11,-4.424,0.266,0.0,0.434,0.555,77.01100000000002,Row(prediction=2)
419,419,Infinity,Jaymes Young,0.6709999999999999,0.6729999999999999,11,-6.941,0.0444,5.290000000000001e-05,0.304,0.494,121.963,Row(prediction=2)
214,214,Bubbly (with Drake & Travis Scott),Young Thug,0.91,0.585,11,-7.572,0.257,0.0,0.127,0.599,129.011,Row(prediction=2)
332,332,Heat Waves,Glass Animals,0.7609999999999999,0.525,11,-6.9,0.0944,6.7e-06,0.0921,0.531,80.87,Row(prediction=2)
215,215,Everybody Talks,Neon Trees,0.471,0.924,8,-3.906,0.0586,0.0,0.313,0.725,154.961,Row(prediction=2)
61,61,love nwantiti (ah ah ah),CKay,0.727,0.7390000000000001,8,-3.805,0.0411,0.00137,0.161,0.5329999999999999,93.005,Row(prediction=2)
360,360,HOT DEMON B!TCHES NEAR U ! ! !,CORPSE,0.7879999999999999,0.764,7,-4.0539999999999985,0.254,0.0,0.224,0.841,100.095,Row(prediction=2)
476,476,Feliz Navidad,José Feliciano,0.513,0.831,2,-9.004,0.0383,0.0,0.336,0.963,148.83700000000005,Row(prediction=3)
380,380,INDUSTRY BABY (feat. Jack Harlow),Lil Nas X,0.736,0.7040000000000001,3,-7.409,0.0615,0.0,0.0501,0.894,149.995,Row(prediction=3)
466,466,JAPAN,Famous Dex,0.733,0.6779999999999999,6,-7.771,0.438,0.0,0.344,0.841,175.985,Row(prediction=3)
371,371,HOLIDAY,Lil Nas X,0.81,0.511,5,-6.924,0.16399999999999998,0.0,0.0832,0.8370000000000001,151.947,Row(prediction=3)
366,366,"Hey, Soul Sister",Train,0.6729999999999999,0.8859999999999999,1,-4.44,0.0431,0.0,0.0826,0.795,97.012,Row(prediction=3)
394,394,I Knew You Were Trouble (Taylor's Version),Taylor Swift,0.584,0.557,6,-6.371,0.0342,0.0,0.0576,0.767,154.00799999999995,Row(prediction=3)
357,357,Woman,Doja Cat,0.8240000000000001,0.764,5,-4.175,0.0854,0.00294,0.117,0.8809999999999999,107.998,Row(prediction=3)
409,409,I WANNA BE YOUR SLAVE,Måneskin,0.75,0.608,1,-4.008,0.0387,0.0,0.17800000000000002,0.958,132.507,Row(prediction=3)
335,335,Cold Heart - PNAU Remix,Elton John,0.7959999999999999,0.7979999999999999,1,-6.312,0.0317,4.19e-05,0.0952,0.942,116.032,Row(prediction=3)
331,331,INDUSTRY BABY (feat. Jack Harlow),Lil Nas X,0.736,0.7040000000000001,3,-7.409,0.0615,0.0,0.0501,0.894,149.995,Row(prediction=3)
237,237,Enter Sandman (Remastered),Metallica,0.5660000000000001,0.8340000000000001,6,-8.412,0.0298,0.008,0.0625,0.621,123.296,Row(prediction=3)
313,313,Girl At Home (Taylor's Version),Taylor Swift,0.691,0.736,5,-6.974,0.0326,1.88e-05,0.101,0.612,125.089,Row(prediction=3)
280,280,Cada Quien,Grupo Firme,0.7190000000000001,0.797,3,-3.89,0.0515,0.0,0.078,0.7290000000000001,110.045,Row(prediction=3)
451,451,Jingle Bell Rock - Daryl's Version,Daryl Hall & John Oates,0.6659999999999999,0.841,2,-3.592,0.0312,0.0,0.113,0.84,128.70600000000002,Row(prediction=3)
456,456,Cold Heart - PNAU Remix,Elton John,0.7959999999999999,0.7979999999999999,1,-6.312,0.0317,4.19e-05,0.0952,0.942,116.032,Row(prediction=3)
459,459,Jessie's Girl,Rick Springfield,0.727,0.8340000000000001,2,-5.851,0.0496,0.0,0.105,0.816,131.7,Row(prediction=3)
253,253,Feliz Navidad,José Feliciano,0.513,0.831,2,-9.004,0.0383,0.0,0.336,0.963,148.83700000000005,Row(prediction=3)
460,460,Ms. Jackson,Outkast,0.843,0.8059999999999999,4,-5.9460000000000015,0.269,0.0,0.0771,0.613,94.948,Row(prediction=3)
249,249,Cada Quien,Grupo Firme,0.7190000000000001,0.797,3,-3.89,0.0515,0.0,0.078,0.7290000000000001,110.045,Row(prediction=3)
312,312,Whiskey Glasses,Morgan Wallen,0.614,0.68,6,-4.58,0.0289,1.84e-06,0.115,0.7070000000000001,149.959,Row(prediction=3)
431,431,INDUSTRY BABY (feat. Jack Harlow),Lil Nas X,0.736,0.7040000000000001,3,-7.409,0.0615,0.0,0.0501,0.894,149.995,Row(prediction=3)
0,0,Dark Red,Steve Lacy,0.603,0.7829999999999999,6,-4.023,0.062,7.96e-06,0.119,0.775,172.041,Row(prediction=3)
239,239,Erase Your Social,Lil Uzi Vert,0.705,0.609,3,-5.728,0.0729,0.0,0.234,0.718,140.058,Row(prediction=3)
85,85,AM Remix,Nio Garcia,0.743,0.655,6,-5.015,0.159,0.0,0.0764,0.785,172.03099999999995,Row(prediction=3)
100,100,INDUSTRY BABY (feat. Jack Harlow),Lil Nas X,0.736,0.7040000000000001,3,-7.409,0.0615,0.0,0.0501,0.894,149.995,Row(prediction=3)
223,223,edamame (feat. Rich Brian),bbno$,0.815,0.848,4,-4.704,0.115,0.000162,0.0265,0.684,106.032,Row(prediction=3)
191,191,Santa Claus Is Coming To Town,The Jackson 5,0.6920000000000001,0.762,0,-4.867,0.0342,1.27e-05,0.181,0.961,146.673,Row(prediction=3)
132,132,Babe (Taylor's Version) (From The Vault),Taylor Swift,0.584,0.743,4,-7.075,0.0931,2.83e-06,0.121,0.746,167.84400000000005,Row(prediction=3)
190,190,Cloud 9,Beach Bunny,0.637,0.929,4,-3.593,0.0491,2.62e-05,0.344,0.902,80.97399999999998,Row(prediction=3)
187,187,Sky,Playboi Carti,0.785,0.903,2,-4.184,0.21,0.0,0.16899999999999998,0.565,139.98,Row(prediction=3)
47,47,Dynamite,BTS,0.746,0.765,6,-4.41,0.0993,0.0,0.0936,0.737,114.044,Row(prediction=3)
41,41,Leave The Door Open,Bruno Mars,0.586,0.616,5,-7.963999999999999,0.0324,0.0,0.0927,0.7190000000000001,148.088,Row(prediction=3)
140,140,Blank Space,Taylor Swift,0.752,0.6779999999999999,5,-5.421,0.0646,1.64e-06,0.13,0.583,96.009,Row(prediction=3)
150,150,Cold Heart - PNAU Remix,Elton John,0.7959999999999999,0.7979999999999999,1,-6.312,0.0317,4.19e-05,0.0952,0.942,116.032,Row(prediction=3)
174,174,Woman,Doja Cat,0.8240000000000001,0.764,5,-4.175,0.0854,0.00294,0.117,0.8809999999999999,107.998,Row(prediction=3)
22,22,Woman,Doja Cat,0.8240000000000001,0.764,5,-4.175,0.0854,0.00294,0.117,0.8809999999999999,107.998,Row(prediction=3)
166,166,Christmas (Baby Please Come Home),Mariah Carey,0.561,0.782,3,-7.444,0.0317,0.0,0.109,0.7040000000000001,127.148,Row(prediction=3)
32,32,"Dear Maria, Count Me In",All Time Low,0.459,0.895,2,-3.1260000000000003,0.0805,0.0,0.206,0.5720000000000001,181.04,Row(prediction=3)
149,149,Cada Quien,Grupo Firme,0.7190000000000001,0.797,3,-3.89,0.0515,0.0,0.078,0.7290000000000001,110.045,Row(prediction=3)
314,314,State Of Grace (Taylor's Version),Taylor Swift,0.594,0.713,9,-5.314,0.0503,0.0,0.114,0.328,129.958,Row(prediction=4)
361,361,Holy Ground (Taylor's Version),Taylor Swift,0.622,0.809,9,-5.622999999999998,0.0638,0.00218,0.109,0.511,156.894,Row(prediction=4)
109,109,Buy Dirt,Jordan Davis,0.586,0.5589999999999999,4,-6.725,0.05,0.0,0.0872,0.4370000000000001,177.945,Row(prediction=4)
121,121,Lo Siento BB:/ (with Bad Bunny & Julieta Venegas),Tainy,0.639,0.703,4,-6.33,0.0794,1.78e-06,0.0865,0.138,169.888,Row(prediction=4)
340,340,happier,Olivia Rodrigo,0.395,0.443,6,-9.72,0.133,9.67e-06,0.0839,0.338,168.924,Row(prediction=4)
289,289,goosebumps,Travis Scott,0.841,0.728,7,-3.37,0.0484,0.0,0.149,0.43,130.049,Row(prediction=4)
295,295,Golden,Harry Styles,0.448,0.838,4,-5.2570000000000014,0.0557,0.000131,0.131,0.254,139.863,Row(prediction=4)
153,153,All I Want for Christmas Is You,Mariah Carey,0.336,0.627,7,-7.462999999999999,0.0384,0.0,0.0708,0.35,150.273,Row(prediction=4)
368,368,Holly Jolly Christmas,Michael Bublé,0.647,0.465,7,-8.308,0.0428,0.0,0.0882,0.6990000000000001,151.251,Row(prediction=4)
122,122,By Your Side,Rod Wave,0.649,0.508,8,-10.232,0.0959,3.59e-05,0.0736,0.405,157.975,Row(prediction=4)
376,376,"His & Hers (feat. Don Toliver, Lil Uzi Vert & Gunna)",Internet Money,0.792,0.7070000000000001,7,-5.218,0.0623,0.0,0.12,0.408,134.997,Row(prediction=4)
382,382,All I Want for Christmas Is You,Mariah Carey,0.336,0.627,7,-7.462999999999999,0.0384,0.0,0.0708,0.35,150.273,Row(prediction=4)
381,381,It's the Most Wonderful Time of the Year,Andy Williams,0.24,0.598,7,-8.435,0.0369,0.0,0.117,0.7759999999999999,201.629,Row(prediction=4)
465,465,Holly Jolly Christmas,Michael Bublé,0.647,0.465,7,-8.308,0.0428,0.0,0.0882,0.6990000000000001,151.251,Row(prediction=4)
25,25,Dead To Me,Kali Uchis,0.675,0.7609999999999999,4,-4.4689999999999985,0.0466,0.0,0.102,0.428,119.001,Row(prediction=4)
449,449,Juliet,Cavetown,0.546,0.586,6,-8.488,0.0313,0.00114,0.0562,0.364,131.778,Row(prediction=4)
33,33,Buy Dirt,Jordan Davis,0.586,0.5589999999999999,4,-6.725,0.05,0.0,0.0872,0.4370000000000001,177.945,Row(prediction=4)
445,445,Lo Siento BB:/ (with Bad Bunny & Julieta Venegas),Tainy,0.639,0.703,4,-6.33,0.0794,1.78e-06,0.0865,0.138,169.888,Row(prediction=4)
37,37,Wildest Dreams (Taylor's Version),Taylor Swift,0.583,0.67,8,-7.289,0.0646,0.0001,0.126,0.498,140.061,Row(prediction=4)
440,440,Just the Way You Are,Bruno Mars,0.635,0.841,5,-5.379,0.0422,0.0,0.0622,0.424,109.021,Row(prediction=4)
432,432,Jugaste y Sufrí,Eslabon Armado,0.39,0.499,7,-7.778,0.0381,0.0004969999999999999,0.115,0.34,200.156,Row(prediction=4)
50,50,All I Want for Christmas Is You,Mariah Carey,0.336,0.627,7,-7.462999999999999,0.0384,0.0,0.0708,0.35,150.273,Row(prediction=4)
423,423,In My Room,Frank Ocean,0.861,0.647,7,-7.425,0.0675,0.6609999999999999,0.114,0.67,158.037,Row(prediction=4)
64,64,Jugaste y Sufrí,Eslabon Armado,0.39,0.499,7,-7.778,0.0381,0.0004969999999999999,0.115,0.34,200.156,Row(prediction=4)
67,67,ARE WE STILL FRIENDS?,"Tyler, The Creator",0.21600000000000005,0.4970000000000001,10,-8.025,0.0371,2.39e-06,0.111,0.313,187.308,Row(prediction=4)
411,411,I Write Sins Not Tragedies,Panic! At The Disco,0.569,0.83,9,-4.106,0.14,0.0,0.114,0.609,170.09400000000005,Row(prediction=4)
70,70,Always Forever,Cults,0.174,0.742,8,-5.93,0.0485,0.281,0.198,0.36,163.378,Row(prediction=4)
403,403,I AM WOMAN,Emmy Meli,0.6459999999999999,0.471,10,-9.247,0.157,0.0,0.125,0.455,170.084,Row(prediction=4)
73,73,Ambition For Cash,Key Glock,0.841,0.732,7,-5.186,0.19,2.18e-05,0.136,0.5760000000000001,149.012,Row(prediction=4)
399,399,I Fall Apart,Post Malone,0.556,0.5379999999999999,8,-5.408,0.0382,0.0,0.196,0.29100000000000004,143.95,Row(prediction=4)
398,398,I Almost Do (Taylor's Version),Taylor Swift,0.511,0.5589999999999999,4,-6.5870000000000015,0.0264,0.0,0.113,0.248,145.88,Row(prediction=4)
395,395,I Can't Handle Change,Roar,0.247,0.438,5,-8.478,0.0358,0.000867,0.111,0.39,185.711,Row(prediction=4)
78,78,Astronaut In The Ocean,Masked Wolf,0.778,0.695,4,-6.865,0.0913,0.0,0.15,0.472,149.996,Row(prediction=4)
281,281,good 4 u,Olivia Rodrigo,0.563,0.664,9,-5.044,0.154,0.0,0.0849,0.688,166.928,Row(prediction=4)
378,378,I Can't Handle Change,Roar,0.247,0.438,5,-8.478,0.0358,0.000867,0.111,0.39,185.711,Row(prediction=4)
179,179,Christmas (Baby Please Come Home),Darlene Love,0.325,0.759,8,-7.146,0.053,0.000362,0.0773,0.36,126.627,Row(prediction=4)
224,224,It's the Most Wonderful Time of the Year,Andy Williams,0.24,0.598,7,-8.435,0.0369,0.0,0.117,0.7759999999999999,201.629,Row(prediction=4)
252,252,Freaks,Surf Curse,0.345,0.941,9,-9.918,0.0466,0.633,0.0511,0.407,179.62599999999995,Row(prediction=4)
218,218,Lo Siento BB:/ (with Bad Bunny & Julieta Venegas),Tainy,0.639,0.703,4,-6.33,0.0794,1.78e-06,0.0865,0.138,169.888,Row(prediction=4)
205,205,Enchanted,Taylor Swift,0.455,0.623,8,-3.878,0.0288,0.000424,0.146,0.208,163.893,Row(prediction=4)
203,203,ESCAPE PLAN,Travis Scott,0.8390000000000001,0.506,5,-6.714,0.133,0.0,0.13,0.44,154.12,Row(prediction=4)
238,238,For The Night (feat. Lil Baby & DaBaby),Pop Smoke,0.823,0.586,6,-6.606,0.2,0.0,0.193,0.34700000000000003,125.971,Row(prediction=4)
477,477,Flex (feat. Juice WRLD),Polo G,0.752,0.6729999999999999,10,-5.792000000000002,0.153,0.0,0.133,0.35,164.009,Row(prediction=4)
202,202,Jugaste y Sufrí,Eslabon Armado,0.39,0.499,7,-7.778,0.0381,0.0004969999999999999,0.115,0.34,200.156,Row(prediction=4)
242,242,Everlong,Foo Fighters,0.413,0.8809999999999999,11,-5.541,0.0367,0.000308,0.0805,0.364,158.066,Row(prediction=4)
196,196,Chasing After You (with Maren Morris),Ryan Hurd,0.596,0.679,4,-6.395,0.0394,0.0,0.116,0.479,131.912,Row(prediction=4)
195,195,I Can't Handle Change,Roar,0.247,0.438,5,-8.478,0.0358,0.000867,0.111,0.39,185.711,Row(prediction=4)
258,258,For The Night (feat. Lil Baby & DaBaby),Pop Smoke,0.823,0.586,6,-6.606,0.2,0.0,0.193,0.34700000000000003,125.971,Row(prediction=4)
186,186,Cold As You,Luke Combs,0.598,0.846,6,-4.956,0.0355,0.0,0.113,0.328,144.04,Row(prediction=4)
268,268,Forever Winter (Taylor's Version) (From The Vault),Taylor Swift,0.611,0.552,7,-5.8279999999999985,0.031,0.0,0.134,0.41,116.012,Row(prediction=4)
113,113,Bandit (with YoungBoy Never Broke Again),Juice WRLD,0.474,0.631,5,-5.884,0.343,0.0,0.132,0.425,180.051,Row(prediction=4)
276,276,Flex (feat. Juice WRLD),Polo G,0.752,0.6729999999999999,10,-5.792000000000002,0.153,0.0,0.133,0.35,164.009,Row(prediction=4)
344,344,Jingle Bell Rock,Bobby Helms,0.754,0.424,2,-8.463,0.0363,0.0,0.0652,0.8059999999999999,119.705,Row(prediction=5)
102,102,STAY (with Justin Bieber),The Kid LAROI,0.591,0.764,1,-5.484,0.0483,0.0,0.103,0.478,169.928,Row(prediction=5)
104,104,Bad Man (Smooth Criminal),Polo G,0.882,0.662,0,-6.3820000000000014,0.242,0.0,0.106,0.57,120.034,Row(prediction=5)
362,362,Hellcats & Trackhawks,Only The Family,0.841,0.672,1,-5.557,0.371,0.0,0.321,0.599,157.026,Row(prediction=5)
62,62,A Holly Jolly Christmas - Single Version,Burl Ives,0.6829999999999999,0.375,0,-13.056,0.0303,0.0,0.076,0.888,140.467,Row(prediction=5)
105,105,Jingle Bell Rock,Bobby Helms,0.754,0.424,2,-8.463,0.0363,0.0,0.0652,0.8059999999999999,119.705,Row(prediction=5)
60,60,Ain't Shit,Doja Cat,0.855,0.488,3,-4.601,0.208,0.0,0.34700000000000003,0.619,124.097,Row(prediction=5)
257,257,Forever After All,Luke Combs,0.487,0.65,0,-5.195,0.0253,0.0,0.0933,0.456,151.964,Row(prediction=5)
182,182,A Holly Jolly Christmas - Single Version,Burl Ives,0.6829999999999999,0.375,0,-13.056,0.0303,0.0,0.076,0.888,140.467,Row(prediction=5)
353,353,A Holly Jolly Christmas - Single Version,Burl Ives,0.6829999999999999,0.375,0,-13.056,0.0303,0.0,0.076,0.888,140.467,Row(prediction=5)
429,429,i hope ur miserable until ur dead,Nessa Barrett,0.706,0.544,2,-7.275,0.0306,0.0,0.087,0.477,115.935,Row(prediction=5)
430,430,Jingle Bell Rock,Bobby Helms,0.754,0.424,2,-8.463,0.0363,0.0,0.0652,0.8059999999999999,119.705,Row(prediction=5)
433,433,STAY (with Justin Bieber),The Kid LAROI,0.591,0.764,1,-5.484,0.0483,0.0,0.103,0.478,169.928,Row(prediction=5)
436,436,Jumpin (feat. Polo G),NLE Choppa,0.826,0.616,2,-5.479,0.328,0.0,0.287,0.612,127.925,Row(prediction=5)
198,198,I Bet You Think About Me (feat. Chris Stapleton) (Taylor’s Version) (From The Vault),Taylor Swift,0.391,0.715,0,-4.516,0.0495,0.0,0.183,0.473,149.654,Row(prediction=5)
233,233,Empty,Juice WRLD,0.745,0.561,0,-4.869,0.0807,0.0,0.133,0.449,77.557,Row(prediction=5)
127,127,Smokin Out The Window,Bruno Mars,0.627,0.618,2,-8.529,0.0437,0.0,0.35100000000000003,0.848,82.03,Row(prediction=5)
441,441,A Holly Jolly Christmas - Single Version,Burl Ives,0.6829999999999999,0.375,0,-13.056,0.0303,0.0,0.076,0.888,140.467,Row(prediction=5)
416,416,A Holly Jolly Christmas - Single Version,Burl Ives,0.6829999999999999,0.375,0,-13.056,0.0303,0.0,0.076,0.888,140.467,Row(prediction=5)
99,99,Better Days (NEIKED x Mae Muller x Polo G),NEIKED,0.7170000000000001,0.6709999999999999,0,-5.077,0.0337,2.54e-06,0.0921,0.6990000000000001,110.054,Row(prediction=5)
254,254,Fancy Like,Walker Hayes,0.649,0.76,1,-6.487,0.0574,0.0,0.317,0.843,80.018,Row(prediction=5)
95,95,After Last Night (with Thundercat & Bootsy Collins),Bruno Mars,0.6509999999999999,0.703,0,-8.958,0.0816,0.0,0.0608,0.647,140.05100000000002,Row(prediction=5)
245,245,Jingle Bell Rock,Bobby Helms,0.754,0.424,2,-8.463,0.0363,0.0,0.0652,0.8059999999999999,119.705,Row(prediction=5)
400,400,Let It Snow! Let It Snow! Let It Snow!,Dean Martin,0.451,0.24,1,-14.014,0.0351,2.45e-06,0.175,0.701,134.009,Row(prediction=5)
392,392,Let It Snow! Let It Snow! Let It Snow! (with The B. Swanson Quartet),Frank Sinatra,0.652,0.259,2,-13.336,0.0595,0.0,0.362,0.836,142.16899999999995,Row(prediction=5)
248,248,Electric Feel,MGMT,0.763,0.8029999999999999,1,-3.713,0.0351,0.285,0.348,0.561,103.04,Row(prediction=5)
243,243,WUSYANAME (feat. Youngboy Never Broke Again & Ty Dolla $ign),"Tyler, The Creator",0.493,0.653,0,-5.666,0.0466,0.0,0.511,0.852,142.347,Row(prediction=5)
387,387,I Bet You Think About Me (feat. Chris Stapleton) (Taylor’s Version) (From The Vault),Taylor Swift,0.391,0.715,0,-4.516,0.0495,0.0,0.183,0.473,149.654,Row(prediction=5)
197,197,Counting Stars,OneRepublic,0.664,0.705,1,-4.972,0.0382,0.0,0.115,0.477,122.017,Row(prediction=5)
163,163,Last Christmas,Wham!,0.735,0.478,2,-12.472,0.0293,2.48e-06,0.355,0.947,107.682,Row(prediction=5)
384,384,THATS WHAT I WANT,Lil Nas X,0.737,0.846,1,-4.51,0.22,0.0,0.0486,0.546,87.98100000000002,Row(prediction=5)
86,86,Heartbreak Anniversary,Giveon,0.449,0.465,0,-8.964,0.0791,1.02e-06,0.303,0.5429999999999999,89.087,Row(prediction=5)
405,405,If I Didn't Love You,Jason Aldean,0.456,0.679,1,-4.802,0.0324,0.0,0.103,0.483,184.075,Row(prediction=5)
169,169,Chosen (feat. Ty Dolla $ign),Blxst,0.5710000000000001,0.767,2,-5.16,0.287,0.0,0.0809,0.605,93.421,Row(prediction=5)
285,285,Better Days (NEIKED x Mae Muller x Polo G),NEIKED,0.7170000000000001,0.6709999999999999,0,-5.077,0.0337,2.54e-06,0.0921,0.6990000000000001,110.054,Row(prediction=5)
88,88,Forever After All,Luke Combs,0.487,0.65,0,-5.195,0.0253,0.0,0.0933,0.456,151.964,Row(prediction=5)
69,69,Oh My God,Adele,0.534,0.725,1,-3.906,0.046,0.0,0.0264,0.55,88.098,Row(prediction=5)
240,240,Smokin Out The Window,Bruno Mars,0.627,0.618,2,-8.529,0.0437,0.0,0.35100000000000003,0.848,82.03,Row(prediction=5)
283,283,Oh My God,Adele,0.534,0.725,1,-3.906,0.046,0.0,0.0264,0.55,88.098,Row(prediction=5)
372,372,Here Comes Santa Claus (Right Down Santa Claus Lane) - 1947 Version,Gene Autry,0.8340000000000001,0.371,1,-11.99,0.0358,0.0,0.275,0.976,96.628,Row(prediction=5)
94,94,Save Your Tears (with Ariana Grande) (Remix),The Weeknd,0.65,0.825,0,-4.645,0.0325,2.44e-05,0.0936,0.593,118.091,Row(prediction=5)
128,128,Ball If I Want To,DaBaby,0.902,0.669,1,-5.049,0.457,0.0,0.0728,0.628,139.94899999999998,Row(prediction=5)
36,36,Don’t Play (with Lil Baby),Polo G,0.684,0.624,2,-7.414,0.34700000000000003,0.0,0.112,0.708,146.925,Row(prediction=5)
246,246,E-GIRLS ARE RUINING MY LIFE!,CORPSE,0.614,0.937,1,-7.443,0.115,0.00136,0.103,0.386,84.98,Row(prediction=5)
279,279,Fortunate Son,Creedence Clearwater Revival,0.64,0.6629999999999999,0,-7.516,0.0374,0.00806,0.152,0.6629999999999999,132.77,Row(prediction=5)
11,11,Dreams - 2004 Remaster,Fleetwood Mac,0.828,0.4920000000000001,0,-9.744,0.0276,0.00428,0.128,0.789,120.151,Row(prediction=5)
321,321,Jumpin (feat. Polo G),NLE Choppa,0.826,0.616,2,-5.479,0.328,0.0,0.287,0.612,127.925,Row(prediction=5)
320,320,Go Stupid,Polo G,0.92,0.833,1,-3.18,0.253,0.0,0.0596,0.645,141.034,Row(prediction=5)
272,272,Fly As Me,Bruno Mars,0.7829999999999999,0.627,2,-8.521,0.102,0.0,0.0606,0.48,100.025,Row(prediction=5)
19,19,Die For You,The Weeknd,0.5820000000000001,0.525,1,-7.1629999999999985,0.0627,0.0,0.134,0.51,133.249,Row(prediction=5)
317,317,Gold Digger,Kanye West,0.629,0.696,1,-5.572,0.348,0.0,0.0554,0.623,93.034,Row(prediction=5)
316,316,Come & Go (with Marshmello),Juice WRLD,0.625,0.8140000000000001,0,-5.181,0.0657,0.0,0.158,0.535,144.991,Row(prediction=5)
315,315,Goosebumps - Remix,Travis Scott,0.841,0.593,1,-7.846,0.0379,0.0,0.124,0.8079999999999999,124.917,Row(prediction=5)
17,17,Dandelions,Ruth B.,0.609,0.6920000000000001,1,-2.958,0.0259,0.0,0.0864,0.454,116.959,Row(prediction=5)
464,464,Just Dance,Lady Gaga,0.8220000000000001,0.7390000000000001,1,-4.541,0.0311,4.26e-05,0.181,0.745,118.992,Row(prediction=5)
154,154,Circles,Post Malone,0.695,0.762,0,-3.497,0.0395,0.00244,0.0863,0.5529999999999999,120.042,Row(prediction=5)
145,145,Let It Snow! Let It Snow! Let It Snow! (with The B. Swanson Quartet),Frank Sinatra,0.652,0.259,2,-13.336,0.0595,0.0,0.362,0.836,142.16899999999995,Row(prediction=5)
310,310,Go Crazy,Chris Brown,0.755,0.578,0,-8.932,0.145,0.0,0.25,0.581,94.148,Row(prediction=5)
148,148,Beer Never Broke My Heart,Luke Combs,0.5379999999999999,0.863,1,-4.4830000000000005,0.0481,0.0,0.0874,0.637,77.001,Row(prediction=5)
164,164,Classic,MKTO,0.72,0.7909999999999999,1,-4.689,0.124,0.0,0.157,0.7559999999999999,102.071,Row(prediction=5)
184,184,Chanel,Frank Ocean,0.7759999999999999,0.503,0,-5.732,0.237,0.0,0.112,0.473,110.134,Row(prediction=5)
157,157,Come & Go (with Marshmello),Juice WRLD,0.625,0.8140000000000001,0,-5.181,0.0657,0.0,0.158,0.535,144.991,Row(prediction=5)
470,470,Yeah! (feat. Lil Jon & Ludacris),Usher,0.894,0.7909999999999999,2,-4.699,0.112,0.0,0.0388,0.583,105.018,Row(prediction=5)
457,457,Just for me,PinkPantheress,0.778,0.628,0,-7.8439999999999985,0.0618,0.00193,0.299,0.698,133.048,Row(prediction=5)
293,293,Life Goes On,Oliver Tree,0.7,0.49,0,-5.187,0.076,0.0,0.117,0.569,79.982,Row(prediction=5)
334,334,Heartbreak Anniversary,Giveon,0.449,0.465,0,-8.964,0.0791,1.02e-06,0.303,0.5429999999999999,89.087,Row(prediction=5)
133,133,Best Friend (feat. Doja Cat),Saweetie,0.84,0.7659999999999999,4,-4.12,0.136,3.61e-06,0.0684,0.402,94.018,Row(prediction=5)
161,161,Bad Man (Smooth Criminal),Polo G,0.882,0.662,0,-6.3820000000000014,0.242,0.0,0.106,0.57,120.034,Row(prediction=5)
329,329,The Way Life Goes (feat. Oh Wonder),Lil Uzi Vert,0.703,0.757,1,-3.612,0.05,0.0,0.106,0.696,82.008,Row(prediction=5)
2,2,Better Days (NEIKED x Mae Muller x Polo G),NEIKED,0.7170000000000001,0.6709999999999999,0,-5.077,0.0337,2.54e-06,0.0921,0.6990000000000001,110.054,Row(prediction=5)
306,306,Save Your Tears (with Ariana Grande) (Remix),The Weeknd,0.65,0.825,0,-4.645,0.0325,2.44e-05,0.0936,0.593,118.091,Row(prediction=5)
30,30,Devil Town,Cavetown,0.5760000000000001,0.759,3,-8.165,0.0599,0.0,0.121,0.501,99.969,Row(prediction=5)
454,454,Jail,Kanye West,0.458,0.5710000000000001,4,-6.739,0.0949,0.000305,0.0846,0.586,110.013,Row(prediction=5)
455,455,justified,Kacey Musgraves,0.669,0.552,0,-7.98,0.0587,0.000874,0.321,0.488,100.102,Row(prediction=5)
220,220,Come & Go (with Marshmello),Juice WRLD,0.625,0.8140000000000001,0,-5.181,0.0657,0.0,0.158,0.535,144.991,Row(prediction=5)
328,328,Gives You Hell,The All-American Rejects,0.718,0.691,4,-6.44,0.0387,0.0,0.0627,0.552,100.008,Row(prediction=5)
4,4,Knife Talk (with 21 Savage ft. Project Pat),Drake,0.8490000000000001,0.424,5,-9.579,0.324,0.0,0.0834,0.153,145.887,Row(prediction=6)
402,402,Daddy Issues,The Neighbourhood,0.588,0.521,10,-9.461,0.0329,0.149,0.123,0.337,85.012,Row(prediction=6)
5,5,Daddy Issues,The Neighbourhood,0.588,0.521,10,-9.461,0.0329,0.149,0.123,0.337,85.012,Row(prediction=6)
199,199,Easy On Me,Adele,0.604,0.366,5,-7.519,0.0282,0.0,0.133,0.13,141.981,Row(prediction=6)
475,475,Jungle,Drake,0.6970000000000001,0.235,7,-8.651,0.0534,0.000144,0.107,0.378,99.947,Row(prediction=6)
16,16,I Drink Wine,Adele,0.4370000000000001,0.565,10,-5.596,0.0466,0.0,0.119,0.306,115.389,Row(prediction=6)
1,1,drivers license,Olivia Rodrigo,0.561,0.431,10,-8.81,0.0578,1.42e-05,0.106,0.13699999999999998,143.875,Row(prediction=6)
407,407,In The Bible (with Lil Durk & Giveon),Drake,0.6859999999999999,0.385,7,-8.35,0.297,0.0,0.131,0.147,143.07,Row(prediction=6)
13,13,Don't,Bryson Tiller,0.765,0.35600000000000004,11,-5.556,0.195,0.0,0.0963,0.189,96.991,Row(prediction=6)
415,415,Ivy,Frank Ocean,0.5670000000000001,0.388,9,-9.579,0.0384,0.000309,0.248,0.452,116.362,Row(prediction=6)
284,284,Girls Want Girls (with Lil Baby),Drake,0.767,0.438,7,-8.726,0.29,0.0,0.142,0.381,86.975,Row(prediction=6)
216,216,m y . l i f e (with 21 Savage & Morray),J. Cole,0.597,0.5870000000000001,7,-7.026,0.13699999999999998,0.0,0.214,0.0753,140.02100000000002,Row(prediction=6)
448,448,Just Look Up (From Don’t Look Up),Ariana Grande,0.5660000000000001,0.581,9,-5.181,0.043,0.0,0.0853,0.152,130.043,Row(prediction=6)
229,229,Exchange,Bryson Tiller,0.525,0.433,6,-10.598,0.185,0.0,0.135,0.276,160.108,Row(prediction=6)
439,439,July,Noah Cyrus,0.708,0.18600000000000005,9,-8.953,0.042,0.0,0.0779,0.322,72.541,Row(prediction=6)
228,228,It's Beginning to Look a Lot Like Christmas (with Mitchell Ayres & His Orchestra),Perry Como,0.7240000000000001,0.276,7,-12.25,0.0599,0.0,0.116,0.718,112.874,Row(prediction=6)
38,38,Dead Man Walking,Brent Faiyaz,0.505,0.267,9,-13.763,0.05,0.0,0.096,0.439,143.929,Row(prediction=6)
42,42,Do You Hear What I Hear? - Remastered 2006,Bing Crosby,0.5660000000000001,0.246,10,-15.499,0.0276,1.48e-06,0.195,0.412,101.529,Row(prediction=6)
235,235,everything i wanted,Billie Eilish,0.7040000000000001,0.225,6,-14.454,0.0994,0.657,0.106,0.243,120.006,Row(prediction=6)
426,426,Yes Indeed,Lil Baby,0.963,0.34600000000000003,5,-9.309,0.53,0.0,0.108,0.562,119.957,Row(prediction=6)
51,51,Easy On Me,Adele,0.604,0.366,5,-7.519,0.0282,0.0,0.133,0.13,141.981,Row(prediction=6)
458,458,Jungle,A Boogie Wit da Hoodie,0.5379999999999999,0.52,7,-11.063,0.737,0.0,0.214,0.551,180.274,Row(prediction=6)
183,183,Cover Me Up,Morgan Wallen,0.5489999999999999,0.44,7,-8.192,0.0264,7.37e-06,0.107,0.214,128.01,Row(prediction=6)
231,231,E-ER (feat. Lil Yachty),DJ Scheme,0.952,0.29,8,-11.459,0.428,0.0,0.107,0.394,130.083,Row(prediction=6)
225,225,enough for you,Olivia Rodrigo,0.638,0.259,7,-10.706,0.0898,0.0,0.219,0.269,88.485,Row(prediction=6)
63,63,All Night Parking (with Erroll Garner) Interlude,Adele,0.7340000000000001,0.4970000000000001,8,-9.666,0.166,2.35e-05,0.194,0.307,127.989,Row(prediction=6)
408,408,we fell in love in october,girl in red,0.5660000000000001,0.366,7,-12.808,0.028,0.181,0.155,0.237,129.959,Row(prediction=6)
162,162,Carol of the Bells,Mykola Dmytrovych Leontovych,0.418,0.106,8,-22.507,0.0448,0.0292,0.179,0.8,46.718,Row(prediction=6)
385,385,I Drink Wine,Adele,0.4370000000000001,0.565,10,-5.596,0.0466,0.0,0.119,0.306,115.389,Row(prediction=6)
261,261,feel like shit,Tate McRae,0.508,0.378,7,-7.158,0.0473,0.0,0.119,0.161,144.96200000000005,Row(prediction=6)
352,352,HIGHEST IN THE ROOM,Travis Scott,0.598,0.4270000000000001,7,-8.764,0.0317,5.83e-06,0.21,0.0605,76.469,Row(prediction=6)
273,273,Flocky Flocky (feat. Travis Scott),Don Toliver,0.8,0.541,10,-5.05,0.0375,0.0,0.146,0.194,135.99,Row(prediction=6)
115,115,Bored,Billie Eilish,0.614,0.318,7,-12.695,0.0478,0.00239,0.0795,0.112,119.959,Row(prediction=6)
349,349,Hope,XXXTENTACION,0.5920000000000001,0.457,9,-6.081,0.0603,0.000331,0.146,0.225,146.04,Row(prediction=6)
120,120,Beautiful Crazy,Luke Combs,0.551,0.402,11,-7.431,0.0262,0.0,0.0928,0.382,103.313,Row(prediction=6)
76,76,It's Beginning to Look a Lot Like Christmas (with Mitchell Ayres & His Orchestra),Perry Como,0.7240000000000001,0.276,7,-12.25,0.0599,0.0,0.116,0.718,112.874,Row(prediction=6)
123,123,Girls Want Girls (with Lil Baby),Drake,0.767,0.438,7,-8.726,0.29,0.0,0.142,0.381,86.975,Row(prediction=6)
342,342,I Hate U,SZA,0.535,0.388,7,-9.805,0.155,0.0,0.11,0.412,106.703,Row(prediction=6)
130,130,Ballin' (with Roddy Ricch),Mustard,0.809,0.545,7,-6.678,0.0735,0.0,0.151,0.244,97.008,Row(prediction=6)
263,263,For Tonight,Giveon,0.442,0.517,9,-7.807,0.0548,0.0,0.114,0.2,79.867,Row(prediction=6)
327,327,All Night Parking (with Erroll Garner) Interlude,Adele,0.7340000000000001,0.4970000000000001,8,-9.666,0.166,2.35e-05,0.194,0.307,127.989,Row(prediction=6)
135,135,Bubble Gum,Clairo,0.509,0.0167,9,-24.639,0.115,2.72e-05,0.387,0.229,207.97,Row(prediction=6)
137,137,To Be Loved,Adele,0.35600000000000004,0.17600000000000002,8,-8.291,0.0391,0.0,0.231,0.289,170.425,Row(prediction=6)
318,318,Goodie Bag,Still Woozy,0.7390000000000001,0.522,7,-12.304,0.151,0.00124,0.233,0.619,138.263,Row(prediction=6)
142,142,Begin Again (Taylor's Version),Taylor Swift,0.519,0.527,7,-7.672999999999999,0.0274,0.0,0.132,0.267,78.915,Row(prediction=6)
144,144,bad guy,Billie Eilish,0.701,0.425,7,-10.965,0.375,0.13,0.1,0.562,135.128,Row(prediction=6)
303,303,Gang Shit No Lame Shit,Key Glock,0.828,0.434,5,-10.609000000000002,0.301,0.0,0.0806,0.38,115.071,Row(prediction=6)
158,158,Knife Talk (with 21 Savage ft. Project Pat),Drake,0.8490000000000001,0.424,5,-9.579,0.324,0.0,0.0834,0.153,145.887,Row(prediction=6)
271,271,F.N,Lil Tjay,0.5670000000000001,0.515,6,-10.265,0.247,0.0,0.078,0.321,120.1,Row(prediction=6)
110,110,Knife Talk (with 21 Savage ft. Project Pat),Drake,0.8490000000000001,0.424,5,-9.579,0.324,0.0,0.0834,0.153,145.887,Row(prediction=6)
358,358,Have Yourself A Merry Little Christmas,Judy Garland,0.156,0.184,6,-14.82,0.0393,0.00458,0.26,0.107,180.887,Row(prediction=6)
278,278,Falling,Trevor Daniel,0.785,0.431,10,-8.756,0.0364,0.0,0.0887,0.236,127.085,Row(prediction=6)
255,255,favorite crime,Olivia Rodrigo,0.369,0.272,9,-10.497,0.0364,0.0,0.147,0.218,172.929,Row(prediction=6)
375,375,It's Beginning to Look a Lot Like Christmas (with Mitchell Ayres & His Orchestra),Perry Como,0.7240000000000001,0.276,7,-12.25,0.0599,0.0,0.116,0.718,112.874,Row(prediction=6)
108,108,Easy On Me,Adele,0.604,0.366,5,-7.519,0.0282,0.0,0.133,0.13,141.981,Row(prediction=6)
77,77,All of Me,John Legend,0.422,0.264,8,-7.064,0.0322,0.0,0.132,0.331,119.93,Row(prediction=6)
172,172,favorite crime,Olivia Rodrigo,0.369,0.272,9,-10.497,0.0364,0.0,0.147,0.218,172.929,Row(prediction=6)
89,89,After Dark,Mr.Kitty,0.585,0.595,8,-10.444,0.0328,0.266,0.0837,0.039,140.037,Row(prediction=6)
389,389,I Hate U,SZA,0.535,0.388,7,-9.805,0.155,0.0,0.11,0.412,106.703,Row(prediction=6)
180,180,White Christmas,Bing Crosby,0.317,0.158,9,-16.485,0.0381,0.353,0.338,0.247,130.503,Row(prediction=6)
379,379,Moth To A Flame (with The Weeknd),Swedish House Mafia,0.542,0.659,8,-7.289,0.0389,0.0,0.105,0.109,120.122,Row(prediction=6)
365,365,Have Yourself A Merry Little Christmas - Remastered 1999,Frank Sinatra,0.262,0.13699999999999998,8,-15.235,0.0344,6.74e-06,0.267,0.28800000000000003,92.183,Row(prediction=6)
81,81,Moth To A Flame (with The Weeknd),Swedish House Mafia,0.542,0.659,8,-7.289,0.0389,0.0,0.105,0.109,120.122,Row(prediction=6)
370,370,Hex,80purppp,0.845,0.398,5,-15.781,0.268,0.00713,0.159,0.482,109.996,Row(prediction=6)
391,391,It's Beginning to Look a Lot Like Christmas (with Mitchell Ayres & His Orchestra),Perry Como,0.7240000000000001,0.276,7,-12.25,0.0599,0.0,0.116,0.718,112.874,Row(prediction=6)
57,57,Meet Me At Our Spot,THE ANXIETY,0.773,0.47,2,-7.93,0.0299,0.000193,0.0851,0.399,94.995,Row(prediction=7)
404,404,"...And to Those I Love, Thanks for Sticking Around",$uicideboy$,0.792,0.511,2,-6.876,0.0409,9.04e-05,0.14,0.111,113.983,Row(prediction=7)
20,20,SLOW DANCING IN THE DARK,Joji,0.515,0.479,3,-7.457999999999998,0.0261,0.00598,0.191,0.284,88.964,Row(prediction=7)
322,322,Get You The Moon (feat. Snøw),Kina,0.498,0.235,1,-16.541,0.188,0.0,0.14400000000000002,0.0895,118.917,Row(prediction=7)
138,138,Before You Go,Lewis Capaldi,0.459,0.575,3,-4.8580000000000005,0.0573,0.0,0.0885,0.183,111.881,Row(prediction=7)
325,325,Super Gremlin,Kodak Black,0.825,0.414,2,-6.634,0.14400000000000002,0.0,0.35700000000000004,0.106,72.993,Row(prediction=7)
461,461,Just Give Me a Reason (feat. Nate Ruess),P!nk,0.778,0.547,2,-7.273,0.0489,0.000302,0.132,0.441,95.002,Row(prediction=7)
462,462,Already Dead,Juice WRLD,0.74,0.501,1,-6.339,0.0592,0.0,0.114,0.119,83.5,Row(prediction=7)
270,270,Falling Down - Bonus Track,Lil Peep,0.669,0.574,4,-6.442,0.0286,0.00294,0.146,0.273,120.013,Row(prediction=7)
156,156,The Christmas Song (Merry Christmas To You),Nat King Cole,0.319,0.21,1,-15.231,0.0341,8.06e-05,0.138,0.209,78.696,Row(prediction=7)
6,6,Already Dead,Juice WRLD,0.74,0.501,1,-6.339,0.0592,0.0,0.114,0.119,83.5,Row(prediction=7)
301,301,Grenade,Bruno Mars,0.7040000000000001,0.5579999999999999,2,-7.273,0.0542,0.0,0.107,0.245,110.444,Row(prediction=7)
471,471,Jealous,Labrinth,0.439,0.153,1,-8.95,0.0479,0.0,0.107,0.104,116.76,Row(prediction=7)
393,393,It's Beginning to Look a Lot like Christmas,Michael Bublé,0.339,0.214,4,-11.714,0.0375,7.47e-06,0.341,0.363,94.775,Row(prediction=7)
159,159,Calling My Phone,Lil Tjay,0.907,0.393,4,-7.636,0.0539,1.35e-06,0.135,0.202,104.949,Row(prediction=7)
297,297,Going Bad (feat. Drake),Meek Mill,0.889,0.496,4,-6.365,0.0905,0.0,0.252,0.544,86.00299999999999,Row(prediction=7)
294,294,Get You (feat. Kali Uchis),Daniel Caesar,0.6579999999999999,0.294,4,-8.533,0.0321,5.2e-05,0.0749,0.358,74.038,Row(prediction=7)
185,185,Blue Christmas,Elvis Presley,0.465,0.27,4,-16.660999999999998,0.0425,0.00104,0.145,0.58,94.518,Row(prediction=7)
87,87,Apocalypse,Cigarettes After Sex,0.369,0.467,5,-9.018,0.0274,0.46,0.109,0.174,94.473,Row(prediction=7)
134,134,Strangers By Nature,Adele,0.387,0.253,5,-8.901,0.0336,0.00015900000000000002,0.0848,0.134,68.00399999999999,Row(prediction=7)
26,26,Do I Wanna Know?,Arctic Monkeys,0.5479999999999999,0.532,5,-7.596,0.0323,0.000263,0.217,0.405,85.03,Row(prediction=7)
56,56,"...And to Those I Love, Thanks for Sticking Around",$uicideboy$,0.792,0.511,2,-6.876,0.0409,9.04e-05,0.14,0.111,113.983,Row(prediction=7)
54,54,Already Dead,Juice WRLD,0.74,0.501,1,-6.339,0.0592,0.0,0.114,0.119,83.5,Row(prediction=7)
193,193,Come Back...Be Here (Taylor's Version),Taylor Swift,0.46,0.632,4,-6.0310000000000015,0.0302,0.0,0.0822,0.399,79.846,Row(prediction=7)
111,111,Blue Christmas,Elvis Presley,0.465,0.27,4,-16.660999999999998,0.0425,0.00104,0.145,0.58,94.518,Row(prediction=7)
112,112,brutal,Olivia Rodrigo,0.672,0.526,4,-6.4460000000000015,0.0599,1.37e-06,0.28,0.28,123.999,Row(prediction=7)
49,49,All Too Well (10 Minute Version) (Taylor's Version) (From The Vault),Taylor Swift,0.631,0.518,0,-8.771,0.0303,0.0,0.08800000000000001,0.205,93.023,Row(prediction=7)
417,417,I Met Sarah in the Bathroom,awfultune,0.675,0.408,0,-10.861,0.142,0.000714,0.16,0.229,90.111,Row(prediction=7)
117,117,Better Man (Taylor's Version) (From The Vault),Taylor Swift,0.473,0.579,4,-5.824,0.0384,0.0,0.0877,0.255,73.942,Row(prediction=7)
91,91,All I Ask,Adele,0.591,0.28,4,-5.494,0.0283,0.0,0.124,0.348,141.916,Row(prediction=7)
210,210,"...And to Those I Love, Thanks for Sticking Around",$uicideboy$,0.792,0.511,2,-6.876,0.0409,9.04e-05,0.14,0.111,113.983,Row(prediction=7)
219,219,exile (feat. Bon Iver),Taylor Swift,0.298,0.38,6,-8.426,0.0287,5.62e-05,0.11,0.152,75.602,Row(prediction=7)
260,260,Falling,Harry Styles,0.5670000000000001,0.267,4,-6.502000000000002,0.0299,1.46e-06,0.08900000000000001,0.0592,110.011,Row(prediction=7)
410,410,SLOW DANCING IN THE DARK,Joji,0.515,0.479,3,-7.457999999999998,0.0261,0.00598,0.191,0.284,88.964,Row(prediction=7)
262,262,For the First Time,Mac DeMarco,0.551,0.529,5,-10.469,0.0517,0.0093,0.17800000000000002,0.521,75.515,Row(prediction=7)
442,442,Je te laisserai des mots,Patrick Watson,0.303,0.187,2,-16.757,0.0356,0.489,0.101,0.213,132.731,Row(prediction=7)
129,129,Happier Than Ever,Billie Eilish,0.332,0.225,0,-8.697000000000001,0.0348,0.00349,0.128,0.297,81.055,Row(prediction=7)
194,194,Chasing Pavements,Adele,0.616,0.47,5,-6.0920000000000005,0.0253,0.0,0.111,0.325,80.03,Row(prediction=7)
131,131,Nothing New (feat. Phoebe Bridgers) (Taylor’s Version) (From The Vault),Taylor Swift,0.606,0.377,0,-9.455,0.0275,0.0,0.154,0.446,101.96,Row(prediction=7)
447,447,Japanese Denim,Daniel Caesar,0.7070000000000001,0.238,3,-8.818,0.0379,2.42e-06,0.0842,0.345,124.156,Row(prediction=7)
333,333,Heather,Conan Gray,0.35700000000000004,0.425,5,-7.301,0.0333,0.0,0.322,0.27,102.078,Row(prediction=7)
420,420,I Hope,Gabby Barrett,0.466,0.536,6,-6.227,0.0429,0.0,0.114,0.377,75.998,Row(prediction=7)
330,330,Happier Than Ever,Billie Eilish,0.332,0.225,0,-8.697000000000001,0.0348,0.00349,0.128,0.297,81.055,Row(prediction=7)
40,40,DÁKITI,Bad Bunny,0.731,0.573,4,-10.059,0.0544,5.22e-05,0.113,0.145,109.928,Row(prediction=7)
396,396,I GUESS I'M IN LOVE,Clinton Kane,0.422,0.34,0,-6.577000000000001,0.0351,1.77e-05,0.149,0.223,77.21300000000002,Row(prediction=7)
